offer_id,career_id,current_date
1,240,2025-03-31 07:01:52
2,329,2025-03-31 07:02:09
3,429,2025-03-31 07:02:25
3,266,2025-03-31 07:02:25
3,230,2025-03-31 07:02:25
3,201,2025-03-31 07:02:26
4,429,2025-03-31 07:02:40
4,230,2025-03-31 07:02:40
4,240,2025-03-31 07:02:40
4,252,2025-03-31 07:02:40
5,429,2025-03-31 07:02:55
5,254,2025-03-31 07:02:55
5,230,2025-03-31 07:02:55
5,204,2025-03-31 07:02:55
6,429,2025-03-31 07:03:07
6,240,2025-03-31 07:03:07
7,122,2025-03-31 07:03:19
7,361,2025-03-31 07:03:20
7,22,2025-03-31 07:03:20
8,416,2025-03-31 07:03:37
8,452,2025-03-31 07:03:37
9,240,2025-03-31 07:03:51
10,429,2025-03-31 07:04:08
10,230,2025-03-31 07:04:08
10,252,2025-03-31 07:04:08
10,202,2025-03-31 07:04:08
10,124,2025-03-31 07:04:08
11,240,2025-03-31 07:04:23
12,240,2025-03-31 07:04:34
13,240,2025-03-31 07:04:46
14,429,2025-03-31 07:04:58
15,240,2025-03-31 07:05:10
16,240,2025-03-31 07:05:22
17,240,2025-03-31 07:05:34
18,429,2025-03-31 07:05:48
18,240,2025-03-31 07:05:48
18,252,2025-03-31 07:05:49
19,240,2025-03-31 07:06:03
20,240,2025-03-31 07:06:17
21,240,2025-03-31 07:06:31
22,240,2025-03-31 07:06:45
23,240,2025-03-31 07:06:59
24,429,2025-03-31 07:07:11
24,240,2025-03-31 07:07:11
25,104,2025-03-31 07:07:23
26,240,2025-03-31 07:07:35
27,240,2025-03-31 07:07:47
28,429,2025-03-31 07:07:59
29,133,2025-03-31 07:08:10
30,104,2025-03-31 07:08:22
31,429,2025-03-31 07:08:34
31,230,2025-03-31 07:08:34
31,252,2025-03-31 07:08:34
32,252,2025-03-31 07:08:46
33,429,2025-03-31 07:08:58
34,452,2025-03-31 07:09:10
35,429,2025-03-31 07:09:22
35,230,2025-03-31 07:09:22
35,240,2025-03-31 07:09:23
35,252,2025-03-31 07:09:23
36,230,2025-03-31 07:09:35
37,240,2025-03-31 07:09:47
38,240,2025-03-31 07:09:59
39,429,2025-03-31 07:10:15
39,124,2025-03-31 07:10:16
40,429,2025-03-31 07:10:27
41,429,2025-03-31 07:10:39
41,230,2025-03-31 07:10:39
42,240,2025-03-31 07:10:51
43,460,2025-03-31 07:11:05
44,240,2025-03-31 07:11:17
45,240,2025-03-31 07:11:31
47,240,2025-03-31 07:13:09
48,460,2025-03-31 07:13:21
50,240,2025-03-31 16:46:21
51,429,2025-03-31 16:46:34
51,230,2025-03-31 16:46:35
51,252,2025-03-31 16:46:35
52,240,2025-03-31 16:46:48
53,240,2025-03-31 16:47:03
54,124,2025-03-31 16:47:16
54,443,2025-03-31 16:47:16
54,204,2025-03-31 16:47:16
55,429,2025-03-31 16:47:29
56,252,2025-03-31 16:47:42
57,204,2025-03-31 16:47:58
58,429,2025-03-31 16:48:11
59,240,2025-03-31 16:48:24
60,240,2025-03-31 16:48:37
61,240,2025-03-31 16:48:50
62,133,2025-03-31 16:49:03
63,452,2025-03-31 16:49:16
64,120,2025-03-31 16:49:29
65,460,2025-03-31 16:49:42
66,34,2025-03-31 16:49:55
67,429,2025-03-31 16:50:08
67,252,2025-03-31 16:50:08
68,240,2025-03-31 16:50:21
69,124,2025-03-31 16:50:34
70,122,2025-03-31 16:50:50
71,120,2025-03-31 16:51:03
72,240,2025-03-31 16:51:18
73,240,2025-03-31 16:51:34
74,34,2025-03-31 16:51:47
75,460,2025-03-31 16:52:00
76,252,2025-03-31 16:52:13
77,429,2025-03-31 16:52:26
79,520,2025-03-31 16:52:57
80,252,2025-03-31 16:53:10
81,240,2025-03-31 16:53:24
82,240,2025-03-31 16:53:37
83,240,2025-03-31 16:53:50
84,252,2025-03-31 16:54:04
85,252,2025-03-31 16:54:17
86,204,2025-03-31 16:54:30
87,240,2025-03-31 16:54:44
88,429,2025-03-31 16:54:57
88,240,2025-03-31 16:54:57
89,460,2025-03-31 16:55:10
90,452,2025-03-31 16:55:26
91,452,2025-03-31 16:55:39
92,124,2025-03-31 16:55:55
93,429,2025-03-31 16:56:08
93,230,2025-03-31 16:56:08
93,252,2025-03-31 16:56:08
94,230,2025-03-31 16:56:22
95,254,2025-03-31 16:56:35
95,124,2025-03-31 16:56:35
96,240,2025-03-31 16:56:48
97,429,2025-03-31 16:57:01
97,240,2025-03-31 16:57:01
98,120,2025-03-31 16:57:14
99,429,2025-03-31 16:57:27
99,230,2025-03-31 16:57:28
99,252,2025-03-31 16:57:28
100,120,2025-03-31 16:57:41
101,460,2025-03-31 16:57:54
102,230,2025-03-31 16:58:06
103,240,2025-03-31 16:58:21
104,230,2025-03-31 16:58:35
105,240,2025-03-31 16:58:48
106,240,2025-03-31 16:59:02
107,240,2025-03-31 16:59:15
108,240,2025-03-31 16:59:28
109,240,2025-03-31 16:59:41
110,523,2025-03-31 16:59:57
111,429,2025-03-31 17:00:10
111,240,2025-03-31 17:00:10
111,252,2025-03-31 17:00:11
112,429,2025-03-31 17:00:26
112,230,2025-03-31 17:00:26
112,252,2025-03-31 17:00:27
112,204,2025-03-31 17:00:27
113,240,2025-03-31 17:00:40
114,386,2025-03-31 17:00:53
114,254,2025-03-31 17:00:53
114,124,2025-03-31 17:00:54
114,443,2025-03-31 17:00:54
116,460,2025-03-31 17:01:17
117,429,2025-03-31 17:01:30
117,230,2025-03-31 17:01:31
117,252,2025-03-31 17:01:31
118,429,2025-03-31 17:01:44
118,240,2025-03-31 17:01:44
119,34,2025-03-31 17:01:57
120,240,2025-03-31 17:02:10
121,122,2025-03-31 17:02:26
121,200,2025-03-31 17:02:26
122,240,2025-03-31 17:02:39
123,240,2025-03-31 17:02:52
124,524,2025-03-31 17:03:08
125,429,2025-03-31 17:03:24
125,230,2025-03-31 17:03:24
125,252,2025-03-31 17:03:24
125,524,2025-03-31 17:03:24
126,429,2025-03-31 17:03:38
126,240,2025-03-31 17:03:38
127,523,2025-03-31 17:03:51
128,452,2025-03-31 17:04:04
129,90,2025-03-31 17:04:17
130,452,2025-03-31 17:04:30
131,524,2025-03-31 17:04:44
132,429,2025-03-31 17:04:57
132,230,2025-03-31 17:04:57
132,252,2025-03-31 17:04:57
133,429,2025-03-31 17:05:11
133,252,2025-03-31 17:05:11
133,361,2025-03-31 17:05:11
133,342,2025-03-31 17:05:11
134,252,2025-03-31 17:05:24
134,361,2025-03-31 17:05:24
134,342,2025-03-31 17:05:25
135,149,2025-03-31 17:05:38
135,361,2025-03-31 17:05:38
135,342,2025-03-31 17:05:38
136,252,2025-03-31 17:05:52
137,415,2025-03-31 17:06:05
137,449,2025-03-31 17:06:05
138,240,2025-03-31 17:06:18
139,429,2025-03-31 17:06:31
139,230,2025-03-31 17:06:31
140,34,2025-03-31 17:06:44
141,329,2025-03-31 17:06:57
142,252,2025-03-31 17:07:11
143,429,2025-03-31 17:07:24
144,414,2025-03-31 17:07:37
144,452,2025-03-31 17:07:37
144,313,2025-03-31 17:07:37
145,429,2025-03-31 17:07:50
145,252,2025-03-31 17:07:50
146,240,2025-03-31 17:08:06
147,414,2025-03-31 17:08:19
147,452,2025-03-31 17:08:20
147,313,2025-03-31 17:08:20
148,429,2025-03-31 17:08:33
148,252,2025-03-31 17:08:33
149,429,2025-03-31 17:08:46
149,252,2025-03-31 17:08:46
149,204,2025-03-31 17:08:47
150,240,2025-03-31 17:09:05
151,240,2025-03-31 17:09:18
152,524,2025-03-31 17:09:31
153,460,2025-03-31 17:09:45
154,460,2025-03-31 17:09:58
155,240,2025-03-31 17:10:13
156,254,2025-03-31 17:10:26
156,394,2025-03-31 17:10:26
156,124,2025-03-31 17:10:26
157,240,2025-03-31 17:10:39
158,429,2025-03-31 17:10:55
158,252,2025-03-31 17:10:55
159,120,2025-03-31 17:11:09
159,460,2025-03-31 17:11:09
160,240,2025-03-31 17:11:22
161,429,2025-03-31 17:11:35
161,230,2025-03-31 17:11:35
162,429,2025-03-31 17:11:48
163,429,2025-03-31 17:12:01
163,230,2025-03-31 17:12:02
164,429,2025-03-31 17:12:15
164,230,2025-03-31 17:12:15
164,252,2025-03-31 17:12:15
165,120,2025-03-31 17:12:28
165,460,2025-03-31 17:12:29
165,124,2025-03-31 17:12:29
166,487,2025-03-31 17:12:42
166,149,2025-03-31 17:12:42
166,202,2025-03-31 17:12:42
166,124,2025-03-31 17:12:43
167,429,2025-03-31 17:12:56
167,230,2025-03-31 17:12:56
167,252,2025-03-31 17:12:56
167,202,2025-03-31 17:12:56
167,124,2025-03-31 17:12:56
168,240,2025-03-31 17:13:10
169,429,2025-03-31 17:13:23
169,25,2025-03-31 17:13:23
170,429,2025-03-31 17:13:36
170,230,2025-03-31 17:13:36
170,252,2025-03-31 17:13:36
170,124,2025-03-31 17:13:36
171,240,2025-03-31 17:13:52
172,240,2025-03-31 17:14:05
173,254,2025-03-31 17:14:18
173,124,2025-03-31 17:14:18
173,289,2025-03-31 17:14:18
174,240,2025-03-31 17:14:32
175,429,2025-03-31 17:14:45
175,240,2025-03-31 17:14:45
175,252,2025-03-31 17:14:45
175,193,2025-03-31 17:14:46
176,122,2025-03-31 17:14:59
176,200,2025-03-31 17:14:59
177,240,2025-03-31 17:15:12
178,429,2025-03-31 17:15:25
179,240,2025-03-31 17:15:38
180,240,2025-03-31 17:15:51
181,240,2025-03-31 17:16:05
182,240,2025-03-31 17:16:18
183,252,2025-03-31 17:16:31
184,240,2025-03-31 17:16:44
185,374,2025-03-31 17:17:00
185,240,2025-03-31 17:17:00
186,254,2025-03-31 17:17:13
187,374,2025-03-31 17:17:26
187,240,2025-03-31 17:17:27
188,524,2025-03-31 17:17:40
189,240,2025-03-31 17:17:53
190,429,2025-03-31 17:18:06
190,230,2025-03-31 17:18:06
190,252,2025-03-31 17:18:06
191,401,2025-03-31 17:18:19
192,254,2025-03-31 17:18:32
193,240,2025-03-31 17:18:45
194,240,2025-03-31 17:18:59
195,240,2025-03-31 17:19:12
196,240,2025-03-31 17:19:25
197,429,2025-03-31 17:19:38
197,252,2025-03-31 17:19:39
198,252,2025-03-31 17:19:52
199,460,2025-03-31 17:20:05
200,240,2025-03-31 17:20:18
201,240,2025-03-31 17:20:31
202,429,2025-03-31 17:20:47
202,240,2025-03-31 17:20:47
202,252,2025-03-31 17:20:47
203,240,2025-03-31 17:21:03
204,240,2025-03-31 17:21:16
205,429,2025-03-31 17:21:29
206,429,2025-03-31 17:21:45
206,240,2025-03-31 17:21:45
206,432,2025-03-31 17:21:45
207,240,2025-03-31 17:21:58
208,252,2025-03-31 17:22:12
208,385,2025-03-31 17:22:12
209,252,2025-03-31 17:22:25
209,491,2025-03-31 17:22:25
209,385,2025-03-31 17:22:26
210,240,2025-03-31 17:22:39
211,429,2025-03-31 17:22:52
211,230,2025-03-31 17:22:52
211,252,2025-03-31 17:22:52
211,491,2025-03-31 17:22:52
211,385,2025-03-31 17:22:53
212,429,2025-03-31 17:23:06
212,230,2025-03-31 17:23:06
212,252,2025-03-31 17:23:06
213,193,2025-03-31 17:23:19
214,25,2025-03-31 17:23:33
215,429,2025-03-31 17:23:46
215,230,2025-03-31 17:23:46
216,240,2025-03-31 17:24:01
216,252,2025-03-31 17:24:02
217,155,2025-03-31 17:24:15
218,240,2025-03-31 17:24:30
219,252,2025-03-31 17:24:46
219,342,2025-03-31 17:24:46
219,432,2025-03-31 17:24:46
220,104,2025-03-31 17:24:59
221,429,2025-03-31 17:25:13
221,230,2025-03-31 17:25:13
222,429,2025-03-31 17:25:26
222,414,2025-03-31 17:25:26
222,230,2025-03-31 17:25:26
222,252,2025-03-31 17:25:26
223,314,2025-03-31 17:25:39
224,97,2025-03-31 17:25:52
225,429,2025-03-31 17:26:05
225,230,2025-03-31 17:26:06
225,252,2025-03-31 17:26:06
226,429,2025-03-31 17:26:19
226,230,2025-03-31 17:26:19
226,252,2025-03-31 17:26:19
227,217,2025-03-31 17:26:33
228,252,2025-03-31 17:26:46
229,401,2025-03-31 17:26:59
229,314,2025-03-31 17:26:59
230,204,2025-03-31 17:27:12
231,329,2025-03-31 17:27:25
232,452,2025-03-31 17:27:41
232,204,2025-03-31 17:27:41
232,441,2025-03-31 17:27:41
233,429,2025-03-31 17:27:54
233,230,2025-03-31 17:27:55
233,240,2025-03-31 17:27:55
233,252,2025-03-31 17:27:55
233,204,2025-03-31 17:27:55
234,124,2025-03-31 17:28:09
235,124,2025-03-31 17:28:22
235,457,2025-03-31 17:28:22
236,525,2025-03-31 17:28:40
236,526,2025-03-31 17:28:40
237,240,2025-03-31 17:28:54
238,252,2025-03-31 17:29:07
239,429,2025-03-31 17:29:20
239,230,2025-03-31 17:29:20
239,252,2025-03-31 17:29:20
240,59,2025-03-31 17:29:33
241,429,2025-03-31 17:29:46
241,230,2025-03-31 17:29:46
241,252,2025-03-31 17:29:47
242,240,2025-03-31 17:30:00
243,252,2025-03-31 17:30:13
243,124,2025-03-31 17:30:13
243,204,2025-03-31 17:30:13
244,429,2025-03-31 17:30:26
244,230,2025-03-31 17:30:27
244,252,2025-03-31 17:30:27
244,524,2025-03-31 17:30:27
245,97,2025-03-31 17:30:40
246,240,2025-03-31 17:30:53
247,240,2025-03-31 17:31:06
260,284,2025-03-31 17:34:27
260,239,2025-03-31 17:34:27
261,240,2025-03-31 17:34:43
262,97,2025-03-31 17:34:56
263,383,2025-03-31 17:35:12
263,460,2025-03-31 17:35:12
264,383,2025-03-31 17:35:25
264,460,2025-03-31 17:35:25
265,429,2025-03-31 17:35:38
265,230,2025-03-31 17:35:39
266,240,2025-03-31 17:35:54
267,539,2025-03-31 17:36:10
268,429,2025-03-31 17:36:25
268,254,2025-03-31 17:36:25
268,230,2025-03-31 17:36:26
268,252,2025-03-31 17:36:26
268,204,2025-03-31 17:36:26
269,254,2025-03-31 17:36:39
270,429,2025-03-31 17:36:52
270,230,2025-03-31 17:36:52
270,25,2025-03-31 17:36:53
271,429,2025-03-31 17:37:06
271,230,2025-03-31 17:37:06
271,202,2025-03-31 17:37:06
272,240,2025-03-31 17:37:19
273,452,2025-03-31 17:37:32
273,204,2025-03-31 17:37:32
273,441,2025-03-31 17:37:33
274,252,2025-03-31 17:37:46
275,240,2025-03-31 17:37:59
276,429,2025-03-31 17:38:14
276,252,2025-03-31 17:38:14
277,240,2025-03-31 17:38:27
278,240,2025-03-31 17:38:41
279,252,2025-03-31 17:38:54
279,491,2025-03-31 17:38:54
280,429,2025-03-31 17:39:07
280,230,2025-03-31 17:39:07
281,266,2025-03-31 17:39:20
282,124,2025-03-31 17:39:34
282,443,2025-03-31 17:39:34
282,457,2025-03-31 17:39:34
283,540,2025-03-31 17:39:50
284,429,2025-03-31 17:40:03
284,230,2025-03-31 17:40:03
284,252,2025-03-31 17:40:03
284,202,2025-03-31 17:40:04
285,329,2025-03-31 17:40:17
286,541,2025-03-31 17:40:33
286,542,2025-03-31 17:40:33
286,543,2025-03-31 17:40:33
286,544,2025-03-31 17:40:34
287,230,2025-03-31 17:40:47
287,252,2025-03-31 17:40:47
288,240,2025-03-31 17:41:00
289,240,2025-03-31 17:41:16
290,252,2025-03-31 17:41:29
291,254,2025-03-31 17:41:44
291,124,2025-03-31 17:41:44
291,457,2025-03-31 17:41:45
292,240,2025-03-31 17:41:58
293,120,2025-03-31 17:42:11
293,47,2025-03-31 17:42:11
293,382,2025-03-31 17:42:11
293,452,2025-03-31 17:42:11
293,460,2025-03-31 17:42:12
293,292,2025-03-31 17:42:12
293,327,2025-03-31 17:42:12
293,77,2025-03-31 17:42:12
294,120,2025-03-31 17:42:25
294,47,2025-03-31 17:42:25
294,382,2025-03-31 17:42:26
294,452,2025-03-31 17:42:26
294,460,2025-03-31 17:42:26
294,292,2025-03-31 17:42:26
294,327,2025-03-31 17:42:26
294,77,2025-03-31 17:42:27
295,491,2025-03-31 17:42:40
295,124,2025-03-31 17:42:40
296,252,2025-03-31 17:44:45
297,429,2025-03-31 17:44:58
297,230,2025-03-31 17:44:58
297,252,2025-03-31 17:44:58
297,204,2025-03-31 17:44:59
298,429,2025-03-31 17:45:12
299,545,2025-03-31 17:45:28
299,546,2025-03-31 17:45:28
300,230,2025-03-31 17:45:41
300,106,2025-03-31 17:45:41
300,80,2025-03-31 17:45:41
303,524,2025-03-31 19:03:40
304,545,2025-03-31 19:03:53
304,546,2025-03-31 19:03:53
305,429,2025-03-31 19:04:06
305,542,2025-03-31 19:04:06
305,230,2025-03-31 19:04:06
305,252,2025-03-31 19:04:06
306,240,2025-03-31 19:04:19
307,415,2025-03-31 19:04:33
307,412,2025-03-31 19:04:33
308,429,2025-03-31 19:04:46
308,542,2025-03-31 19:04:46
308,230,2025-03-31 19:04:46
308,252,2025-03-31 19:04:46
309,429,2025-03-31 19:05:00
309,230,2025-03-31 19:05:00
309,252,2025-03-31 19:05:00
310,240,2025-03-31 19:05:13
311,240,2025-03-31 19:05:26
312,254,2025-03-31 19:05:39
313,429,2025-03-31 19:05:52
313,25,2025-03-31 19:05:53
314,252,2025-03-31 19:06:06
314,124,2025-03-31 19:06:06
315,429,2025-03-31 19:06:19
315,230,2025-03-31 19:06:19
315,252,2025-03-31 19:06:20
316,327,2025-03-31 19:33:24
317,240,2025-04-01 00:04:30
318,120,2025-04-01 00:21:45
318,460,2025-04-01 00:21:45
318,327,2025-04-01 00:21:45
319,487,2025-04-01 00:24:04
319,358,2025-04-01 00:24:04
319,204,2025-04-01 00:24:04
320,429,2025-04-01 00:26:49
320,230,2025-04-01 00:26:49
320,240,2025-04-01 00:26:49
320,252,2025-04-01 00:26:49
321,429,2025-04-01 00:28:18
321,230,2025-04-01 00:28:18
322,429,2025-04-02 08:00:30
322,545,2025-04-02 08:00:30
322,20,2025-04-02 08:00:30
322,230,2025-04-02 08:00:30
322,240,2025-04-02 08:00:30
323,240,2025-04-02 08:00:30
324,252,2025-04-02 08:00:31
325,394,2025-04-02 08:00:31
325,124,2025-04-02 08:00:31
326,429,2025-04-02 08:00:31
326,545,2025-04-02 08:00:31
326,25,2025-04-02 08:00:31
326,124,2025-04-02 08:00:31
327,120,2025-04-02 08:00:31
327,460,2025-04-02 08:00:31
328,429,2025-04-02 08:00:31
328,230,2025-04-02 08:00:31
328,252,2025-04-02 08:00:31
329,429,2025-04-02 08:00:32
329,266,2025-04-02 08:00:32
329,204,2025-04-02 08:00:32
330,429,2025-04-02 08:00:32
330,545,2025-04-02 08:00:32
331,429,2025-04-02 08:00:32
331,124,2025-04-02 08:00:32
332,374,2025-04-02 08:00:32
332,389,2025-04-02 08:00:32
332,166,2025-04-02 08:00:32
332,204,2025-04-02 08:00:32
333,429,2025-04-02 08:00:32
333,230,2025-04-02 08:00:32
333,204,2025-04-02 08:00:32
334,547,2025-04-02 08:00:33
335,429,2025-04-02 08:00:33
335,20,2025-04-02 08:00:33
335,252,2025-04-02 08:00:33
335,307,2025-04-02 08:00:33
336,266,2025-04-02 08:00:33
336,122,2025-04-02 08:00:33
336,525,2025-04-02 08:00:33
336,361,2025-04-02 08:00:33
337,429,2025-04-02 08:00:33
338,548,2025-04-02 08:00:33
338,549,2025-04-02 08:00:33
339,429,2025-04-02 08:00:34
339,545,2025-04-02 08:00:34
339,230,2025-04-02 08:00:34
339,342,2025-04-02 08:00:34
339,412,2025-04-02 08:00:34
340,429,2025-04-02 08:00:34
340,25,2025-04-02 08:00:34
341,136,2025-04-03 08:00:30
342,230,2025-04-03 08:00:30
342,295,2025-04-03 08:00:30
343,487,2025-04-03 08:00:31
343,230,2025-04-03 08:00:31
343,240,2025-04-03 08:00:31
343,295,2025-04-03 08:00:31
344,487,2025-04-03 08:00:31
344,230,2025-04-03 08:00:31
344,240,2025-04-03 08:00:31
344,295,2025-04-03 08:00:31
345,487,2025-04-03 08:00:31
345,230,2025-04-03 08:00:31
345,240,2025-04-03 08:00:31
345,295,2025-04-03 08:00:31
346,487,2025-04-03 08:00:31
346,230,2025-04-03 08:00:31
346,240,2025-04-03 08:00:31
346,295,2025-04-03 08:00:31
347,487,2025-04-03 08:00:31
347,230,2025-04-03 08:00:31
347,240,2025-04-03 08:00:31
347,295,2025-04-03 08:00:31
348,240,2025-04-03 08:00:31
349,487,2025-04-03 08:00:32
349,230,2025-04-03 08:00:32
349,240,2025-04-03 08:00:32
349,295,2025-04-03 08:00:32
350,487,2025-04-03 08:00:32
350,230,2025-04-03 08:00:32
350,240,2025-04-03 08:00:32
350,295,2025-04-03 08:00:32
351,487,2025-04-03 08:00:32
351,230,2025-04-03 08:00:32
351,240,2025-04-03 08:00:32
351,295,2025-04-03 08:00:32
352,230,2025-04-03 08:00:32
352,295,2025-04-03 08:00:32
353,539,2025-04-03 08:00:32
354,487,2025-04-03 08:00:33
354,230,2025-04-03 08:00:33
354,240,2025-04-03 08:00:33
354,295,2025-04-03 08:00:33
355,240,2025-04-03 08:00:33
356,429,2025-04-03 08:00:33
356,240,2025-04-03 08:00:33
356,295,2025-04-03 08:00:33
356,124,2025-04-03 08:00:33
357,487,2025-04-03 08:00:33
357,230,2025-04-03 08:00:33
357,240,2025-04-03 08:00:33
357,295,2025-04-03 08:00:33
358,295,2025-04-03 08:00:33
359,487,2025-04-03 08:00:34
359,230,2025-04-03 08:00:34
359,295,2025-04-03 08:00:34
360,230,2025-04-03 08:00:34
361,240,2025-04-03 08:00:34
362,487,2025-04-03 08:00:34
362,230,2025-04-03 08:00:34
362,240,2025-04-03 08:00:34
362,295,2025-04-03 08:00:34
363,230,2025-04-03 08:00:34
363,295,2025-04-03 08:00:34
364,487,2025-04-03 08:00:35
364,230,2025-04-03 08:00:35
364,240,2025-04-03 08:00:35
364,295,2025-04-03 08:00:35
365,230,2025-04-03 08:00:35
365,295,2025-04-03 08:00:35
366,295,2025-04-03 08:00:35
367,487,2025-04-03 08:00:35
367,230,2025-04-03 08:00:35
367,240,2025-04-03 08:00:35
367,295,2025-04-03 08:00:35
368,487,2025-04-03 08:00:35
368,230,2025-04-03 08:00:35
368,240,2025-04-03 08:00:35
368,295,2025-04-03 08:00:35
369,460,2025-04-03 08:00:36
370,487,2025-04-03 08:00:36
370,230,2025-04-03 08:00:36
370,240,2025-04-03 08:00:36
370,295,2025-04-03 08:00:36
371,487,2025-04-03 08:00:36
371,230,2025-04-03 08:00:36
371,240,2025-04-03 08:00:36
371,295,2025-04-03 08:00:36
372,240,2025-04-03 08:00:36
373,204,2025-04-03 08:00:36
374,487,2025-04-03 08:00:37
374,230,2025-04-03 08:00:37
374,240,2025-04-03 08:00:37
374,295,2025-04-03 08:00:37
375,240,2025-04-03 08:00:37
375,295,2025-04-03 08:00:37
376,240,2025-04-03 08:00:37
376,295,2025-04-03 08:00:37
377,429,2025-04-03 08:00:37
377,230,2025-04-03 08:00:37
377,295,2025-04-03 08:00:37
378,460,2025-04-03 08:00:37
378,440,2025-04-03 08:00:37
379,487,2025-04-03 08:00:38
379,230,2025-04-03 08:00:38
379,240,2025-04-03 08:00:38
379,295,2025-04-03 08:00:38
380,487,2025-04-03 08:00:38
380,230,2025-04-03 08:00:38
380,240,2025-04-03 08:00:38
380,295,2025-04-03 08:00:38
381,487,2025-04-03 08:00:38
381,230,2025-04-03 08:00:38
381,240,2025-04-03 08:00:38
381,295,2025-04-03 08:00:38
382,487,2025-04-03 08:00:38
382,230,2025-04-03 08:00:38
382,240,2025-04-03 08:00:38
382,295,2025-04-03 08:00:38
383,487,2025-04-03 08:00:38
383,230,2025-04-03 08:00:38
383,295,2025-04-03 08:00:38
384,487,2025-04-03 08:00:39
384,230,2025-04-03 08:00:39
384,240,2025-04-03 08:00:39
384,295,2025-04-03 08:00:39
385,429,2025-04-03 08:00:39
385,230,2025-04-03 08:00:39
385,240,2025-04-03 08:00:39
385,295,2025-04-03 08:00:39
386,240,2025-04-03 08:00:39
387,47,2025-04-03 08:00:39
387,452,2025-04-03 08:00:39
387,327,2025-04-03 08:00:39
388,487,2025-04-03 08:00:39
388,230,2025-04-03 08:00:39
388,240,2025-04-03 08:00:39
388,295,2025-04-03 08:00:39
389,122,2025-04-03 08:00:40
389,525,2025-04-03 08:00:40
390,487,2025-04-03 08:00:40
390,230,2025-04-03 08:00:40
390,240,2025-04-03 08:00:40
390,295,2025-04-03 08:00:40
391,487,2025-04-03 08:00:40
391,122,2025-04-03 08:00:40
391,542,2025-04-03 08:00:40
391,295,2025-04-03 08:00:40
392,487,2025-04-03 08:00:40
392,230,2025-04-03 08:00:40
392,240,2025-04-03 08:00:40
392,295,2025-04-03 08:00:40
393,240,2025-04-03 08:00:40
393,295,2025-04-03 08:00:40
394,487,2025-04-03 08:00:41
394,230,2025-04-03 08:00:41
394,240,2025-04-03 08:00:41
394,295,2025-04-03 08:00:41
395,429,2025-04-03 08:00:41
395,122,2025-04-03 08:00:41
395,295,2025-04-03 08:00:41
395,361,2025-04-03 08:00:41
395,22,2025-04-03 08:00:41
396,487,2025-04-03 08:00:41
396,230,2025-04-03 08:00:41
396,240,2025-04-03 08:00:41
396,295,2025-04-03 08:00:41
397,487,2025-04-03 08:00:41
397,230,2025-04-03 08:00:41
397,240,2025-04-03 08:00:41
397,295,2025-04-03 08:00:41
398,240,2025-04-03 08:00:41
399,230,2025-04-03 08:00:42
399,295,2025-04-03 08:00:42
400,122,2025-04-04 08:00:35
401,460,2025-04-04 08:00:35
402,240,2025-04-04 08:00:35
403,422,2025-04-04 08:00:36
404,429,2025-04-04 08:00:36
404,230,2025-04-04 08:00:36
404,252,2025-04-04 08:00:36
405,240,2025-04-04 08:00:36
405,452,2025-04-04 08:00:36
405,292,2025-04-04 08:00:36
406,204,2025-04-04 08:00:36
407,230,2025-04-04 08:00:36
408,429,2025-04-04 08:00:37
408,230,2025-04-04 08:00:37
408,252,2025-04-04 08:00:37
408,204,2025-04-04 08:00:37
409,429,2025-04-04 08:00:37
409,230,2025-04-04 08:00:37
409,252,2025-04-04 08:00:37
410,240,2025-04-04 08:00:37
411,429,2025-04-04 08:00:37
411,230,2025-04-04 08:00:37
411,252,2025-04-04 08:00:37
411,460,2025-04-04 08:00:37
411,204,2025-04-04 08:00:37
412,429,2025-04-04 08:00:37
412,230,2025-04-04 08:00:37
412,240,2025-04-04 08:00:37
412,295,2025-04-04 08:00:37
413,240,2025-04-04 08:00:38
414,487,2025-04-04 08:00:38
414,230,2025-04-04 08:00:38
414,240,2025-04-04 08:00:38
414,295,2025-04-04 08:00:38
415,230,2025-04-04 08:00:38
415,295,2025-04-04 08:00:38
416,460,2025-04-04 08:00:38
417,460,2025-04-04 08:00:38
417,493,2025-04-04 08:00:38
418,149,2025-04-04 08:00:39
418,539,2025-04-04 08:00:39
419,539,2025-04-04 08:00:39
420,122,2025-04-04 08:00:39
420,200,2025-04-04 08:00:39
421,429,2025-04-04 08:00:39
421,230,2025-04-04 08:00:39
421,252,2025-04-04 08:00:39
422,460,2025-04-04 08:00:39
423,240,2025-04-04 08:00:40
424,429,2025-04-04 08:00:40
424,230,2025-04-04 08:00:40
424,252,2025-04-04 08:00:40
425,252,2025-04-04 08:00:40
425,491,2025-04-04 08:00:40
425,34,2025-04-04 08:00:40
426,124,2025-04-04 08:00:40
426,457,2025-04-04 08:00:40
427,292,2025-04-04 08:00:40
428,240,2025-04-04 08:00:41
429,429,2025-04-04 08:00:41
429,230,2025-04-04 08:00:41
429,202,2025-04-04 08:00:41
430,429,2025-04-04 08:00:41
430,252,2025-04-04 08:00:41
430,201,2025-04-04 08:00:41
430,385,2025-04-04 08:00:41
430,204,2025-04-04 08:00:41
431,329,2025-04-04 08:00:41
432,429,2025-04-05 08:00:36
432,230,2025-04-05 08:00:36
433,240,2025-04-05 08:00:36
434,429,2025-04-05 08:00:36
434,230,2025-04-05 08:00:36
435,429,2025-04-05 08:00:37
435,230,2025-04-05 08:00:37
435,252,2025-04-05 08:00:37
436,513,2025-04-05 08:00:37
436,25,2025-04-05 08:00:37
437,217,2025-04-05 08:00:37
438,429,2025-04-05 08:00:37
438,230,2025-04-05 08:00:37
439,460,2025-04-05 08:00:37
440,240,2025-04-05 08:00:38
441,240,2025-04-05 08:00:38
442,217,2025-04-05 08:00:38
442,460,2025-04-05 08:00:38
443,217,2025-04-05 08:00:38
443,460,2025-04-05 08:00:38
444,429,2025-04-05 08:00:38
444,59,2025-04-05 08:00:38
444,307,2025-04-05 08:00:38
444,25,2025-04-05 08:00:38
445,113,2025-04-05 08:00:39
445,90,2025-04-05 08:00:39
446,122,2025-04-05 08:00:39
446,540,2025-04-05 08:00:39
446,499,2025-04-05 08:00:39
446,200,2025-04-05 08:00:39
447,252,2025-04-05 08:00:39
447,385,2025-04-05 08:00:39
448,240,2025-04-05 08:00:39
449,124,2025-04-05 08:00:39
449,443,2025-04-05 08:00:39
449,457,2025-04-05 08:00:39
450,429,2025-04-05 08:00:40
450,240,2025-04-05 08:00:40
450,204,2025-04-05 08:00:40
451,240,2025-04-05 08:00:40
452,133,2025-04-06 08:00:22
453,240,2025-04-06 08:00:22
454,240,2025-04-06 08:00:22
455,429,2025-04-06 08:00:22
455,252,2025-04-06 08:00:22
455,204,2025-04-06 08:00:22
456,120,2025-04-06 08:00:22
456,460,2025-04-06 08:00:22
457,120,2025-04-06 08:00:23
457,460,2025-04-06 08:00:23
458,414,2025-04-08 08:00:36
458,452,2025-04-08 08:00:36
459,386,2025-04-08 08:00:37
459,124,2025-04-08 08:00:37
459,443,2025-04-08 08:00:37
459,457,2025-04-08 08:00:37
460,240,2025-04-08 08:00:37
461,240,2025-04-08 08:00:37
462,240,2025-04-08 08:00:37
463,240,2025-04-08 08:00:37
464,240,2025-04-08 08:00:38
464,252,2025-04-08 08:00:38
465,429,2025-04-08 08:00:38
465,240,2025-04-08 08:00:38
466,429,2025-04-08 08:00:38
466,240,2025-04-08 08:00:38
467,240,2025-04-08 08:00:38
468,120,2025-04-08 08:00:38
468,452,2025-04-08 08:00:38
468,460,2025-04-08 08:00:38
469,240,2025-04-08 08:00:38
470,122,2025-04-08 08:00:39
470,240,2025-04-08 08:00:39
471,429,2025-04-08 08:00:39
471,230,2025-04-08 08:00:39
471,240,2025-04-08 08:00:39
472,429,2025-04-08 08:00:39
472,230,2025-04-08 08:00:39
472,252,2025-04-08 08:00:39
473,240,2025-04-08 08:00:39
474,429,2025-04-08 08:00:39
474,122,2025-04-08 08:00:39
474,240,2025-04-08 08:00:39
474,252,2025-04-08 08:00:39
475,120,2025-04-08 08:00:40
475,452,2025-04-08 08:00:40
475,460,2025-04-08 08:00:40
476,414,2025-04-08 08:00:40
476,452,2025-04-08 08:00:40
476,178,2025-04-08 08:00:40
476,250,2025-04-08 08:00:40
476,419,2025-04-08 08:00:40
476,441,2025-04-08 08:00:40
477,429,2025-04-08 08:00:40
477,240,2025-04-08 08:00:40
477,252,2025-04-08 08:00:40
478,429,2025-04-08 08:00:40
478,20,2025-04-08 08:00:40
478,240,2025-04-08 08:00:40
478,124,2025-04-08 08:00:40
479,386,2025-04-08 08:00:40
479,394,2025-04-08 08:00:40
479,124,2025-04-08 08:00:40
479,99,2025-04-08 08:00:40
479,136,2025-04-08 08:00:40
479,443,2025-04-08 08:00:40
479,457,2025-04-08 08:00:40
480,429,2025-04-08 08:00:41
480,240,2025-04-08 08:00:41
480,252,2025-04-08 08:00:41
481,240,2025-04-08 08:00:41
482,429,2025-04-08 08:00:41
482,230,2025-04-08 08:00:41
482,204,2025-04-08 08:00:41
483,240,2025-04-08 08:00:41
484,240,2025-04-08 08:00:41
484,252,2025-04-08 08:00:41
484,124,2025-04-08 08:00:41
485,429,2025-04-09 08:00:34
485,254,2025-04-09 08:00:34
485,230,2025-04-09 08:00:34
485,252,2025-04-09 08:00:34
485,124,2025-04-09 08:00:34
485,524,2025-04-09 08:00:34
486,429,2025-04-09 08:00:34
486,240,2025-04-09 08:00:34
486,252,2025-04-09 08:00:34
487,240,2025-04-09 08:00:34
487,252,2025-04-09 08:00:34
488,240,2025-04-09 08:00:34
488,252,2025-04-09 08:00:34
489,429,2025-04-09 08:00:35
489,254,2025-04-09 08:00:35
489,230,2025-04-09 08:00:35
489,252,2025-04-09 08:00:35
489,124,2025-04-09 08:00:35
489,524,2025-04-09 08:00:35
490,240,2025-04-09 08:00:35
491,122,2025-04-09 08:00:35
491,200,2025-04-09 08:00:35
492,240,2025-04-09 08:00:35
493,240,2025-04-09 08:00:35
494,240,2025-04-09 08:00:36
495,240,2025-04-09 08:00:36
496,240,2025-04-09 08:00:36
497,429,2025-04-09 08:00:36
497,230,2025-04-09 08:00:36
497,240,2025-04-09 08:00:36
497,252,2025-04-09 08:00:36
498,429,2025-04-09 08:00:36
498,122,2025-04-09 08:00:36
498,240,2025-04-09 08:00:36
499,429,2025-04-09 08:00:37
499,240,2025-04-09 08:00:37
500,429,2025-04-09 08:00:37
500,230,2025-04-09 08:00:37
500,240,2025-04-09 08:00:37
501,122,2025-04-09 08:00:37
501,525,2025-04-09 08:00:37
501,200,2025-04-09 08:00:37
502,240,2025-04-09 08:00:37
503,429,2025-04-09 08:00:37
503,122,2025-04-09 08:00:37
503,240,2025-04-09 08:00:37
504,429,2025-04-09 08:00:38
504,230,2025-04-09 08:00:38
504,252,2025-04-09 08:00:38
505,240,2025-04-09 08:00:38
506,429,2025-04-09 08:00:38
506,122,2025-04-09 08:00:38
506,240,2025-04-09 08:00:38
507,240,2025-04-09 08:00:38
508,240,2025-04-09 08:00:38
509,240,2025-04-09 08:00:38
510,240,2025-04-09 08:00:39
511,429,2025-04-09 08:00:39
511,240,2025-04-09 08:00:39
512,429,2025-04-09 08:00:39
512,254,2025-04-09 08:00:39
512,230,2025-04-09 08:00:39
512,252,2025-04-09 08:00:39
512,124,2025-04-09 08:00:39
512,524,2025-04-09 08:00:39
513,429,2025-04-09 08:00:39
513,122,2025-04-09 08:00:39
513,240,2025-04-09 08:00:39
513,252,2025-04-09 08:00:39
514,240,2025-04-09 08:00:39
514,124,2025-04-09 08:00:39
514,457,2025-04-09 08:00:39
515,429,2025-04-10 08:00:33
515,230,2025-04-10 08:00:33
515,412,2025-04-10 08:00:33
516,429,2025-04-10 08:00:33
516,240,2025-04-10 08:00:33
516,252,2025-04-10 08:00:33
517,120,2025-04-10 08:00:34
517,460,2025-04-10 08:00:34
518,122,2025-04-10 08:00:34
518,499,2025-04-10 08:00:34
518,200,2025-04-10 08:00:34
519,429,2025-04-10 08:00:34
519,230,2025-04-10 08:00:34
519,252,2025-04-10 08:00:34
519,204,2025-04-10 08:00:34
520,429,2025-04-10 08:00:34
520,120,2025-04-10 08:00:34
520,230,2025-04-10 08:00:34
520,252,2025-04-10 08:00:34
520,460,2025-04-10 08:00:34
520,202,2025-04-10 08:00:34
521,429,2025-04-10 08:00:34
521,230,2025-04-10 08:00:34
521,240,2025-04-10 08:00:34
521,252,2025-04-10 08:00:34
522,545,2025-04-10 08:00:35
522,59,2025-04-10 08:00:35
523,252,2025-04-10 08:00:35
524,240,2025-04-10 08:00:35
525,240,2025-04-10 08:00:35
526,240,2025-04-10 08:00:35
527,429,2025-04-10 08:00:35
527,230,2025-04-10 08:00:35
527,539,2025-04-10 08:00:35
527,412,2025-04-10 08:00:35
528,240,2025-04-10 08:00:36
529,542,2025-04-10 08:00:36
529,193,2025-04-10 08:00:36
530,155,2025-04-10 08:00:36
530,464,2025-04-10 08:00:36
530,25,2025-04-10 08:00:36
531,460,2025-04-10 08:00:36
532,429,2025-04-10 08:00:36
532,252,2025-04-10 08:00:36
532,204,2025-04-10 08:00:36
533,254,2025-04-10 08:00:37
533,124,2025-04-10 08:00:37
534,120,2025-04-10 08:00:37
534,460,2025-04-10 08:00:37
535,240,2025-04-10 08:00:37
536,460,2025-04-10 08:00:37
537,122,2025-04-10 08:00:37
537,499,2025-04-10 08:00:37
537,361,2025-04-10 08:00:37
538,240,2025-04-10 08:00:37
539,124,2025-04-10 08:00:38
540,240,2025-04-10 08:00:38
541,539,2025-04-10 08:00:38
542,240,2025-04-10 08:00:38
543,429,2025-04-10 08:00:38
543,25,2025-04-10 08:00:38
544,429,2025-04-10 08:00:38
544,252,2025-04-10 08:00:38
544,204,2025-04-10 08:00:38
545,240,2025-04-11 08:00:36
546,429,2025-04-11 08:00:36
546,230,2025-04-11 08:00:36
547,25,2025-04-11 08:00:36
548,550,2025-04-11 08:00:37
549,429,2025-04-11 08:00:37
549,230,2025-04-11 08:00:37
550,124,2025-04-11 08:00:37
551,122,2025-04-11 08:00:37
552,429,2025-04-11 08:00:37
552,230,2025-04-11 08:00:37
553,429,2025-04-11 08:00:38
554,98,2025-04-11 08:00:38
554,124,2025-04-11 08:00:38
554,204,2025-04-11 08:00:38
555,204,2025-04-11 08:00:38
555,441,2025-04-11 08:00:38
556,124,2025-04-11 08:00:38
557,47,2025-04-11 08:00:38
557,327,2025-04-11 08:00:38
557,39,2025-04-11 08:00:38
558,487,2025-04-11 08:00:39
558,230,2025-04-11 08:00:39
558,252,2025-04-11 08:00:39
559,240,2025-04-11 08:00:39
560,551,2025-04-11 08:00:39
560,552,2025-04-11 08:00:39
560,553,2025-04-11 08:00:39
561,452,2025-04-11 08:00:39
562,429,2025-04-11 08:00:39
562,389,2025-04-11 08:00:39
562,124,2025-04-11 08:00:39
562,113,2025-04-11 08:00:39
562,90,2025-04-11 08:00:39
563,499,2025-04-11 08:00:39
564,98,2025-04-11 08:00:40
564,124,2025-04-11 08:00:40
564,204,2025-04-11 08:00:40
565,230,2025-04-11 08:00:40
566,240,2025-04-11 08:00:40
567,452,2025-04-11 08:00:40
568,133,2025-04-11 08:00:40
569,252,2025-04-12 08:00:32
569,486,2025-04-12 08:00:32
569,385,2025-04-12 08:00:32
570,513,2025-04-12 08:00:32
570,25,2025-04-12 08:00:32
570,204,2025-04-12 08:00:32
571,513,2025-04-12 08:00:33
571,25,2025-04-12 08:00:33
572,240,2025-04-12 08:00:33
573,230,2025-04-12 08:00:33
573,252,2025-04-12 08:00:33
573,204,2025-04-12 08:00:33
574,240,2025-04-12 08:00:33
575,487,2025-04-12 08:00:33
575,149,2025-04-12 08:00:33
575,202,2025-04-12 08:00:33
575,124,2025-04-12 08:00:33
576,252,2025-04-12 08:00:33
577,252,2025-04-12 08:00:34
577,385,2025-04-12 08:00:34
578,429,2025-04-12 08:00:34
578,124,2025-04-12 08:00:34
578,204,2025-04-12 08:00:34
578,457,2025-04-12 08:00:34
579,230,2025-04-12 08:00:34
580,240,2025-04-12 08:00:34
581,429,2025-04-12 08:00:34
581,252,2025-04-12 08:00:34
582,240,2025-04-12 08:00:35
583,429,2025-04-12 08:00:35
583,230,2025-04-12 08:00:35
583,252,2025-04-12 08:00:35
584,240,2025-04-12 08:00:35
585,429,2025-04-12 08:00:35
586,124,2025-04-12 08:00:35
586,136,2025-04-12 08:00:35
586,131,2025-04-12 08:00:35
587,460,2025-04-12 08:00:35
588,487,2025-04-12 08:00:36
588,149,2025-04-12 08:00:36
588,202,2025-04-12 08:00:36
588,124,2025-04-12 08:00:36
589,240,2025-04-12 08:00:36
590,452,2025-04-13 08:00:28
591,240,2025-04-13 08:00:29
592,240,2025-04-13 08:00:29
593,429,2025-04-13 08:00:29
593,240,2025-04-13 08:00:29
594,252,2025-04-13 08:00:29
595,240,2025-04-13 08:00:29
596,240,2025-04-13 08:00:30
597,429,2025-04-13 08:00:30
597,230,2025-04-13 08:00:30
597,252,2025-04-13 08:00:30
598,240,2025-04-13 08:00:30
599,539,2025-04-13 08:00:30
600,429,2025-04-13 08:00:30
600,230,2025-04-13 08:00:30
601,539,2025-04-13 08:00:31
602,97,2025-04-13 08:00:31
602,329,2025-04-13 08:00:31
602,422,2025-04-13 08:00:31
603,429,2025-04-13 08:00:31
603,230,2025-04-13 08:00:31
604,539,2025-04-13 08:00:31
605,230,2025-04-13 08:00:31
605,252,2025-04-13 08:00:31
606,429,2025-04-13 08:00:31
606,230,2025-04-13 08:00:31
606,252,2025-04-13 08:00:31
607,240,2025-04-13 08:00:32
608,429,2025-04-13 08:00:32
608,373,2025-04-13 08:00:32
609,539,2025-04-13 08:00:32
610,452,2025-04-13 08:00:32
611,429,2025-04-13 08:00:32
611,230,2025-04-13 08:00:32
612,429,2025-04-13 08:00:32
612,254,2025-04-13 08:00:32
612,230,2025-04-13 08:00:32
613,429,2025-04-13 08:00:33
613,230,2025-04-13 08:00:33
613,252,2025-04-13 08:00:33
613,539,2025-04-13 08:00:33
614,240,2025-04-15 08:00:36
615,429,2025-04-15 08:00:36
616,374,2025-04-15 08:00:36
617,240,2025-04-15 08:00:36
618,240,2025-04-15 08:00:37
619,539,2025-04-15 08:00:37
620,155,2025-04-15 08:00:37
620,34,2025-04-15 08:00:37
621,429,2025-04-15 08:00:37
621,252,2025-04-15 08:00:37
621,358,2025-04-15 08:00:37
621,204,2025-04-15 08:00:37
621,329,2025-04-15 08:00:37
622,124,2025-04-15 08:00:37
622,457,2025-04-15 08:00:37
623,75,2025-04-15 08:00:38
624,230,2025-04-15 08:00:38
624,240,2025-04-15 08:00:38
625,429,2025-04-15 08:00:38
625,122,2025-04-15 08:00:38
625,34,2025-04-15 08:00:38
625,422,2025-04-15 08:00:38
626,201,2025-04-15 08:00:38
626,124,2025-04-15 08:00:38
626,30,2025-04-15 08:00:38
626,204,2025-04-15 08:00:38
626,457,2025-04-15 08:00:38
626,505,2025-04-15 08:00:38
627,240,2025-04-15 08:00:38
628,429,2025-04-15 08:00:38
628,122,2025-04-15 08:00:38
628,329,2025-04-15 08:00:38
629,374,2025-04-15 08:00:39
629,240,2025-04-15 08:00:39
630,240,2025-04-15 08:00:39
631,452,2025-04-15 08:00:39
632,240,2025-04-15 08:00:39
633,429,2025-04-15 08:00:39
633,252,2025-04-15 08:00:39
633,204,2025-04-15 08:00:39
634,120,2025-04-15 08:00:40
634,47,2025-04-15 08:00:40
634,217,2025-04-15 08:00:40
634,382,2025-04-15 08:00:40
634,452,2025-04-15 08:00:40
634,460,2025-04-15 08:00:40
634,124,2025-04-15 08:00:40
634,292,2025-04-15 08:00:40
634,327,2025-04-15 08:00:40
635,252,2025-04-16 08:00:28
636,240,2025-04-16 08:00:28
637,15,2025-04-16 08:00:28
637,544,2025-04-16 08:00:28
637,543,2025-04-16 08:00:28
638,252,2025-04-16 08:00:28
638,385,2025-04-16 08:00:28
639,20,2025-04-16 08:00:28
639,240,2025-04-16 08:00:28
640,429,2025-04-16 08:00:28
640,545,2025-04-16 08:00:28
641,20,2025-04-16 08:00:29
641,240,2025-04-16 08:00:29
642,429,2025-04-16 08:00:29
642,329,2025-04-16 08:00:29
642,34,2025-04-16 08:00:29
642,422,2025-04-16 08:00:29
643,429,2025-04-17 08:00:36
643,230,2025-04-17 08:00:36
643,204,2025-04-17 08:00:36
644,240,2025-04-17 08:00:36
645,240,2025-04-17 08:00:36
646,15,2025-04-17 08:00:36
647,120,2025-04-17 08:00:36
647,47,2025-04-17 08:00:36
647,382,2025-04-17 08:00:36
647,452,2025-04-17 08:00:36
647,460,2025-04-17 08:00:36
647,292,2025-04-17 08:00:36
647,327,2025-04-17 08:00:36
647,77,2025-04-17 08:00:36
648,460,2025-04-17 08:00:37
649,124,2025-04-17 08:00:37
650,124,2025-04-17 08:00:37
650,443,2025-04-17 08:00:37
650,289,2025-04-17 08:00:37
650,457,2025-04-17 08:00:37
651,240,2025-04-17 08:00:37
652,113,2025-04-17 08:00:37
653,429,2025-04-17 08:00:38
653,252,2025-04-17 08:00:38
653,385,2025-04-17 08:00:38
653,204,2025-04-17 08:00:38
654,240,2025-04-17 08:00:38
655,429,2025-04-17 08:00:38
655,230,2025-04-17 08:00:38
655,252,2025-04-17 08:00:38
656,429,2025-04-17 08:00:38
656,230,2025-04-17 08:00:38
656,252,2025-04-17 08:00:38
657,460,2025-04-17 08:00:38
658,204,2025-04-17 08:00:38
659,540,2025-04-17 08:00:39
659,499,2025-04-17 08:00:39
659,361,2025-04-17 08:00:39
660,429,2025-04-17 08:00:39
660,545,2025-04-17 08:00:39
660,25,2025-04-17 08:00:39
661,329,2025-04-17 08:00:39
662,429,2025-04-18 08:00:24
662,389,2025-04-18 08:00:24
662,124,2025-04-18 08:00:24
662,113,2025-04-18 08:00:24
662,90,2025-04-18 08:00:24
663,429,2025-04-18 08:00:25
663,230,2025-04-18 08:00:25
664,122,2025-04-18 08:00:25
664,133,2025-04-18 08:00:25
664,361,2025-04-18 08:00:25
664,200,2025-04-18 08:00:25
664,22,2025-04-18 08:00:25
665,429,2025-04-18 08:00:25
665,230,2025-04-18 08:00:25
665,252,2025-04-18 08:00:25
666,113,2025-04-18 08:00:25
666,204,2025-04-18 08:00:25
666,90,2025-04-18 08:00:25
667,429,2025-04-18 08:00:25
667,230,2025-04-18 08:00:25
667,113,2025-04-18 08:00:25
667,90,2025-04-18 08:00:25
667,361,2025-04-18 08:00:25
667,422,2025-04-18 08:00:25
668,124,2025-04-22 08:00:35
668,443,2025-04-22 08:00:35
668,457,2025-04-22 08:00:35
669,240,2025-04-22 08:00:35
670,429,2025-04-22 08:00:36
670,254,2025-04-22 08:00:36
671,113,2025-04-22 08:00:36
671,90,2025-04-22 08:00:36
672,240,2025-04-22 08:00:36
673,429,2025-04-22 08:00:36
673,230,2025-04-22 08:00:36
673,252,2025-04-22 08:00:36
674,429,2025-04-22 08:00:36
674,545,2025-04-22 08:00:36
674,25,2025-04-22 08:00:36
675,240,2025-04-22 08:00:36
676,240,2025-04-22 08:00:37
677,240,2025-04-22 08:00:37
678,438,2025-04-22 08:00:37
679,124,2025-04-22 08:00:37
679,443,2025-04-22 08:00:37
679,457,2025-04-22 08:00:37
680,240,2025-04-22 08:00:37
681,429,2025-04-22 08:00:38
681,254,2025-04-22 08:00:38
682,429,2025-04-22 08:00:38
682,230,2025-04-22 08:00:38
682,252,2025-04-22 08:00:38
682,204,2025-04-22 08:00:38
683,429,2025-04-22 08:00:38
683,539,2025-04-22 08:00:38
684,47,2025-04-22 08:00:38
684,327,2025-04-22 08:00:38
685,487,2025-04-22 08:00:38
685,473,2025-04-22 08:00:38
685,230,2025-04-22 08:00:38
685,361,2025-04-22 08:00:38
685,342,2025-04-22 08:00:38
685,22,2025-04-22 08:00:38
686,429,2025-04-22 08:00:38
686,230,2025-04-22 08:00:38
686,240,2025-04-22 08:00:38
686,252,2025-04-22 08:00:38
686,307,2025-04-22 08:00:38
686,124,2025-04-22 08:00:38
686,358,2025-04-22 08:00:38
686,42,2025-04-22 08:00:38
686,204,2025-04-22 08:00:38
686,505,2025-04-22 08:00:38
687,554,2025-04-22 08:00:39
688,554,2025-04-22 08:00:39
689,252,2025-04-22 08:00:39
689,491,2025-04-22 08:00:39
689,385,2025-04-22 08:00:39
689,42,2025-04-22 08:00:39
690,124,2025-04-22 08:00:39
691,282,2025-04-22 08:00:39
692,429,2025-04-22 08:00:39
692,230,2025-04-22 08:00:39
692,252,2025-04-22 08:00:39
692,204,2025-04-22 08:00:39
693,204,2025-04-22 08:00:40
694,240,2025-04-22 08:00:40
695,124,2025-04-22 08:00:40
695,289,2025-04-22 08:00:40
695,457,2025-04-22 08:00:40
696,429,2025-04-22 08:00:40
696,252,2025-04-22 08:00:40
697,254,2025-04-22 08:00:41
697,238,2025-04-22 08:00:41
698,252,2025-04-22 08:00:41
698,491,2025-04-22 08:00:41
698,385,2025-04-22 08:00:41
698,42,2025-04-22 08:00:41
699,240,2025-04-22 08:00:41
700,124,2025-04-22 08:00:41
700,443,2025-04-22 08:00:41
700,399,2025-04-22 08:00:41
700,457,2025-04-22 08:00:41
701,124,2025-04-22 08:00:41
702,145,2025-04-22 08:00:41
703,240,2025-04-23 08:00:33
704,555,2025-04-23 08:00:34
704,556,2025-04-23 08:00:34
705,240,2025-04-23 08:00:34
706,240,2025-04-23 08:00:34
707,429,2025-04-23 08:00:34
707,542,2025-04-23 08:00:34
707,540,2025-04-23 08:00:34
707,193,2025-04-23 08:00:34
708,240,2025-04-23 08:00:34
709,240,2025-04-23 08:00:35
710,240,2025-04-23 08:00:35
711,429,2025-04-23 08:00:35
711,240,2025-04-23 08:00:35
712,240,2025-04-23 08:00:35
713,122,2025-04-23 08:00:35
713,200,2025-04-23 08:00:35
714,374,2025-04-23 08:00:35
714,166,2025-04-23 08:00:35
714,124,2025-04-23 08:00:35
714,204,2025-04-23 08:00:35
715,429,2025-04-23 08:00:36
715,240,2025-04-23 08:00:36
715,202,2025-04-23 08:00:36
716,146,2025-04-23 08:00:36
716,124,2025-04-23 08:00:36
716,399,2025-04-23 08:00:36
716,457,2025-04-23 08:00:36
717,120,2025-04-24 08:00:39
717,460,2025-04-24 08:00:39
718,429,2025-04-24 08:00:40
719,429,2025-04-24 08:00:40
719,230,2025-04-24 08:00:40
719,252,2025-04-24 08:00:40
719,524,2025-04-24 08:00:40
720,487,2025-04-24 08:00:40
720,230,2025-04-24 08:00:40
721,120,2025-04-24 08:00:40
721,460,2025-04-24 08:00:40
722,460,2025-04-24 08:00:40
723,429,2025-04-24 08:00:41
723,230,2025-04-24 08:00:41
723,252,2025-04-24 08:00:41
724,429,2025-04-24 08:00:41
724,230,2025-04-24 08:00:41
724,202,2025-04-24 08:00:41
725,383,2025-04-24 08:00:41
725,460,2025-04-24 08:00:41
726,120,2025-04-24 08:00:41
727,429,2025-04-24 08:00:41
727,383,2025-04-24 08:00:41
727,230,2025-04-24 08:00:41
727,460,2025-04-24 08:00:41
728,120,2025-04-24 08:00:42
728,460,2025-04-24 08:00:42
729,120,2025-04-24 08:00:42
729,383,2025-04-24 08:00:42
729,460,2025-04-24 08:00:42
730,230,2025-04-24 08:00:42
731,122,2025-04-24 08:00:42
731,133,2025-04-24 08:00:42
731,361,2025-04-24 08:00:42
731,22,2025-04-24 08:00:42
732,429,2025-04-24 08:00:42
732,230,2025-04-24 08:00:42
733,429,2025-04-24 08:00:43
733,120,2025-04-24 08:00:43
733,230,2025-04-24 08:00:43
733,252,2025-04-24 08:00:43
733,452,2025-04-24 08:00:43
733,460,2025-04-24 08:00:43
734,429,2025-04-24 08:00:43
734,230,2025-04-24 08:00:43
735,429,2025-04-24 08:00:43
735,240,2025-04-24 08:00:43
736,524,2025-04-24 08:00:43
737,429,2025-04-24 08:00:43
737,230,2025-04-24 08:00:43
737,240,2025-04-24 08:00:43
738,460,2025-04-24 08:00:43
738,189,2025-04-24 08:00:43
739,254,2025-04-24 08:00:44
740,254,2025-04-24 08:00:44
741,254,2025-04-24 08:00:44
741,136,2025-04-24 08:00:44
742,120,2025-04-24 08:00:44
742,460,2025-04-24 08:00:44
743,254,2025-04-24 08:00:44
744,120,2025-04-24 08:00:45
744,460,2025-04-24 08:00:45
745,383,2025-04-24 08:00:45
745,460,2025-04-24 08:00:45
746,240,2025-04-24 08:00:45
746,252,2025-04-24 08:00:45
746,399,2025-04-24 08:00:45
747,120,2025-04-24 08:00:45
747,383,2025-04-24 08:00:45
747,460,2025-04-24 08:00:45
748,460,2025-04-24 08:00:45
748,189,2025-04-24 08:00:45
749,399,2025-04-25 08:00:38
750,429,2025-04-25 08:00:39
750,122,2025-04-25 08:00:39
750,240,2025-04-25 08:00:39
750,252,2025-04-25 08:00:39
751,240,2025-04-25 08:00:39
752,124,2025-04-25 08:00:39
753,120,2025-04-25 08:00:39
753,460,2025-04-25 08:00:39
753,327,2025-04-25 08:00:39
754,429,2025-04-25 08:00:39
754,230,2025-04-25 08:00:39
754,240,2025-04-25 08:00:39
754,252,2025-04-25 08:00:39
755,460,2025-04-25 08:00:39
756,429,2025-04-25 08:00:40
756,252,2025-04-25 08:00:40
756,204,2025-04-25 08:00:40
757,240,2025-04-25 08:00:40
758,240,2025-04-25 08:00:40
759,122,2025-04-25 08:00:40
760,120,2025-04-25 08:00:40
760,383,2025-04-25 08:00:40
760,460,2025-04-25 08:00:40
761,557,2025-04-26 08:00:25
762,240,2025-04-26 08:00:25
763,429,2025-04-26 08:00:26
763,230,2025-04-26 08:00:26
763,240,2025-04-26 08:00:26
763,252,2025-04-26 08:00:26
763,113,2025-04-26 08:00:26
763,90,2025-04-26 08:00:26
764,540,2025-04-26 08:00:26
764,361,2025-04-26 08:00:26
764,22,2025-04-26 08:00:26
765,429,2025-04-26 08:00:26
765,252,2025-04-26 08:00:26
766,429,2025-04-26 08:00:26
766,539,2025-04-26 08:00:26
767,240,2025-04-26 08:00:26
768,230,2025-04-26 08:00:26
769,240,2025-04-27 08:00:15
770,252,2025-04-27 08:00:15
771,198,2025-04-29 08:05:55
772,240,2025-04-29 08:05:55
773,452,2025-04-29 08:05:55
774,254,2025-04-29 08:05:55
774,146,2025-04-29 08:05:55
774,124,2025-04-29 08:05:55
774,131,2025-04-29 08:05:55
774,227,2025-04-29 08:05:55
774,289,2025-04-29 08:05:55
775,254,2025-04-29 08:05:55
775,238,2025-04-29 08:05:55
775,146,2025-04-29 08:05:55
775,124,2025-04-29 08:05:55
775,399,2025-04-29 08:05:55
776,429,2025-04-29 08:05:55
776,230,2025-04-29 08:05:55
776,252,2025-04-29 08:05:55
777,193,2025-04-29 08:05:56
778,230,2025-04-29 08:05:56
778,252,2025-04-29 08:05:56
779,240,2025-04-29 08:05:56
780,466,2025-04-29 08:05:56
781,429,2025-04-29 08:05:56
781,204,2025-04-29 08:05:56
782,441,2025-04-29 08:05:56
783,369,2025-04-29 08:05:57
784,429,2025-04-29 08:05:57
784,230,2025-04-29 08:05:57
784,252,2025-04-29 08:05:57
784,204,2025-04-29 08:05:57
785,120,2025-04-29 08:05:57
785,460,2025-04-29 08:05:57
786,429,2025-04-29 08:05:57
786,230,2025-04-29 08:05:57
786,240,2025-04-29 08:05:57
786,252,2025-04-29 08:05:57
787,124,2025-04-29 08:05:57
787,443,2025-04-29 08:05:57
788,254,2025-04-29 08:05:58
788,124,2025-04-29 08:05:58
788,443,2025-04-29 08:05:58
789,240,2025-04-29 08:05:58
790,429,2025-04-29 08:05:58
791,240,2025-04-29 08:05:58
792,429,2025-04-29 08:05:58
792,204,2025-04-29 08:05:58
792,329,2025-04-29 08:05:58
793,124,2025-04-29 08:05:58
794,240,2025-04-30 08:00:28
795,240,2025-04-30 08:00:29
796,487,2025-04-30 08:00:29
796,230,2025-04-30 08:00:29
796,385,2025-04-30 08:00:29
797,240,2025-04-30 08:00:29
798,230,2025-04-30 08:00:29
799,230,2025-04-30 08:00:29
800,252,2025-04-30 08:00:29
801,240,2025-04-30 08:00:30
802,124,2025-04-30 08:00:30
802,443,2025-04-30 08:00:30
802,457,2025-04-30 08:00:30
803,240,2025-04-30 08:00:30
804,240,2025-04-30 08:00:30
805,240,2025-04-30 08:00:31
806,240,2025-04-30 08:00:31
807,460,2025-04-30 08:00:31
808,240,2025-04-30 08:00:31
809,240,2025-04-30 08:00:31
810,252,2025-04-30 08:00:31
811,240,2025-05-01 08:00:31
812,386,2025-05-01 08:00:31
812,124,2025-05-01 08:00:31
812,99,2025-05-01 08:00:31
812,443,2025-05-01 08:00:31
812,492,2025-05-01 08:00:31
812,457,2025-05-01 08:00:31
813,252,2025-05-01 08:00:31
814,429,2025-05-01 08:00:32
814,230,2025-05-01 08:00:32
815,149,2025-05-01 08:00:32
815,230,2025-05-01 08:00:32
815,240,2025-05-01 08:00:32
815,202,2025-05-01 08:00:32
815,204,2025-05-01 08:00:32
816,240,2025-05-01 08:00:32
816,252,2025-05-01 08:00:32
817,122,2025-05-01 08:00:32
817,499,2025-05-01 08:00:32
817,133,2025-05-01 08:00:32
817,22,2025-05-01 08:00:32
818,252,2025-05-01 08:00:33
819,460,2025-05-01 08:00:33
820,240,2025-05-01 08:00:33
821,429,2025-05-01 08:00:33
821,204,2025-05-01 08:00:33
822,429,2025-05-01 08:00:33
822,230,2025-05-01 08:00:33
822,193,2025-05-01 08:00:33
822,34,2025-05-01 08:00:33
823,254,2025-05-01 08:00:34
824,240,2025-05-01 08:00:34
825,558,2025-05-01 08:00:34
826,240,2025-05-01 08:00:34
827,429,2025-05-01 08:00:34
827,204,2025-05-01 08:00:34
827,329,2025-05-01 08:00:34
827,261,2025-05-01 08:00:34
827,422,2025-05-01 08:00:34
828,422,2025-05-01 08:00:34
829,429,2025-05-01 08:00:35
830,429,2025-05-01 08:00:35
830,230,2025-05-01 08:00:35
830,252,2025-05-01 08:00:35
831,240,2025-05-01 08:00:35
832,429,2025-05-01 08:00:35
832,230,2025-05-01 08:00:35
832,252,2025-05-01 08:00:35
833,491,2025-05-03 08:00:28
834,559,2025-05-03 08:00:28
835,240,2025-05-03 08:00:28
836,240,2025-05-03 08:00:29
837,217,2025-05-03 08:00:29
838,550,2025-05-03 08:00:29
839,120,2025-05-03 08:00:29
840,230,2025-05-03 08:00:29
841,240,2025-05-03 08:00:30
842,124,2025-05-03 08:00:30
842,457,2025-05-03 08:00:30
843,240,2025-05-03 08:00:30
844,47,2025-05-03 08:00:30
844,25,2025-05-03 08:00:30
845,240,2025-05-03 08:00:30
846,124,2025-05-03 08:00:30
846,457,2025-05-03 08:00:30
847,414,2025-05-03 08:00:31
848,460,2025-05-03 08:00:31
849,329,2025-05-03 08:00:31
850,124,2025-05-03 08:00:31
850,457,2025-05-03 08:00:31
851,240,2025-05-03 08:00:31
852,240,2025-05-03 08:00:32
853,240,2025-05-03 08:00:32
854,240,2025-05-03 08:00:32
855,429,2025-05-03 08:00:32
855,240,2025-05-03 08:00:32
855,457,2025-05-03 08:00:32
856,240,2025-05-03 08:00:32
857,240,2025-05-03 08:00:33
858,252,2025-05-03 08:00:33
859,230,2025-05-03 08:00:33
860,429,2025-05-04 08:00:16
860,155,2025-05-04 08:00:16
860,473,2025-05-04 08:00:16
860,252,2025-05-04 08:00:16
860,452,2025-05-04 08:00:16
860,204,2025-05-04 08:00:16
860,329,2025-05-04 08:00:16
860,34,2025-05-04 08:00:16
861,120,2025-05-04 08:00:16
862,460,2025-05-04 08:00:16
863,429,2025-05-06 08:00:34
863,230,2025-05-06 08:00:34
863,240,2025-05-06 08:00:34
863,252,2025-05-06 08:00:34
863,124,2025-05-06 08:00:34
864,414,2025-05-06 08:00:35
864,452,2025-05-06 08:00:35
864,466,2025-05-06 08:00:35
864,441,2025-05-06 08:00:35
865,414,2025-05-06 08:00:35
865,452,2025-05-06 08:00:35
865,460,2025-05-06 08:00:35
865,204,2025-05-06 08:00:35
865,441,2025-05-06 08:00:35
865,189,2025-05-06 08:00:35
865,198,2025-05-06 08:00:35
866,429,2025-05-06 08:00:35
866,230,2025-05-06 08:00:35
866,252,2025-05-06 08:00:35
867,429,2025-05-06 08:00:35
867,230,2025-05-06 08:00:35
867,252,2025-05-06 08:00:35
868,429,2025-05-06 08:00:35
868,230,2025-05-06 08:00:35
868,240,2025-05-06 08:00:35
868,252,2025-05-06 08:00:35
869,240,2025-05-06 08:00:36
870,429,2025-05-06 08:00:36
870,230,2025-05-06 08:00:36
870,252,2025-05-06 08:00:36
871,429,2025-05-06 08:00:36
871,230,2025-05-06 08:00:36
871,240,2025-05-06 08:00:36
871,252,2025-05-06 08:00:36
871,124,2025-05-06 08:00:36
872,452,2025-05-06 08:00:36
873,429,2025-05-06 08:00:36
873,230,2025-05-06 08:00:36
873,240,2025-05-06 08:00:36
873,252,2025-05-06 08:00:36
874,429,2025-05-06 08:00:36
874,230,2025-05-06 08:00:36
875,429,2025-05-06 08:00:37
875,240,2025-05-06 08:00:37
875,204,2025-05-06 08:00:37
876,429,2025-05-06 08:00:37
876,230,2025-05-06 08:00:37
876,252,2025-05-06 08:00:37
877,230,2025-05-06 08:00:37
878,452,2025-05-06 08:00:37
879,240,2025-05-06 08:00:37
880,240,2025-05-06 08:00:37
881,487,2025-05-06 08:00:38
881,122,2025-05-06 08:00:38
881,539,2025-05-06 08:00:38
882,429,2025-05-06 08:00:38
882,122,2025-05-06 08:00:38
882,240,2025-05-06 08:00:38
883,429,2025-05-06 08:00:38
883,230,2025-05-06 08:00:38
883,252,2025-05-06 08:00:38
883,559,2025-05-06 08:00:38
884,429,2025-05-06 08:00:38
884,230,2025-05-06 08:00:38
884,252,2025-05-06 08:00:38
885,429,2025-05-06 08:00:38
885,230,2025-05-06 08:00:38
885,240,2025-05-06 08:00:38
886,394,2025-05-06 08:00:39
886,124,2025-05-06 08:00:39
887,429,2025-05-06 08:00:39
887,122,2025-05-06 08:00:39
887,240,2025-05-06 08:00:39
888,473,2025-05-06 08:00:39
888,133,2025-05-06 08:00:39
888,361,2025-05-06 08:00:39
888,200,2025-05-06 08:00:39
888,22,2025-05-06 08:00:39
889,429,2025-05-06 08:00:39
889,230,2025-05-06 08:00:39
889,240,2025-05-06 08:00:39
889,252,2025-05-06 08:00:39
890,429,2025-05-06 08:00:39
890,240,2025-05-06 08:00:39
890,124,2025-05-06 08:00:39
891,394,2025-05-06 08:00:39
891,124,2025-05-06 08:00:39
891,443,2025-05-06 08:00:39
892,429,2025-05-07 08:00:34
892,252,2025-05-07 08:00:34
892,491,2025-05-07 08:00:34
892,204,2025-05-07 08:00:34
892,261,2025-05-07 08:00:34
892,34,2025-05-07 08:00:34
893,429,2025-05-07 08:00:34
893,540,2025-05-07 08:00:34
893,193,2025-05-07 08:00:34
893,218,2025-05-07 08:00:34
893,204,2025-05-07 08:00:34
893,361,2025-05-07 08:00:34
894,429,2025-05-07 08:00:35
894,266,2025-05-07 08:00:35
895,429,2025-05-07 08:00:35
895,545,2025-05-07 08:00:35
895,513,2025-05-07 08:00:35
896,240,2025-05-07 08:00:35
897,122,2025-05-07 08:00:35
897,499,2025-05-07 08:00:35
898,429,2025-05-07 08:00:35
898,204,2025-05-07 08:00:35
899,487,2025-05-07 08:00:36
899,539,2025-05-07 08:00:36
900,429,2025-05-07 08:00:36
900,193,2025-05-07 08:00:36
900,204,2025-05-07 08:00:36
900,329,2025-05-07 08:00:36
901,429,2025-05-07 08:00:36
901,122,2025-05-07 08:00:36
901,252,2025-05-07 08:00:36
901,204,2025-05-07 08:00:36
901,329,2025-05-07 08:00:36
902,487,2025-05-07 08:00:36
902,452,2025-05-07 08:00:36
902,460,2025-05-07 08:00:36
902,204,2025-05-07 08:00:36
903,254,2025-05-07 08:00:36
903,394,2025-05-07 08:00:36
903,124,2025-05-07 08:00:36
904,487,2025-05-07 08:00:37
905,136,2025-05-07 08:00:37
905,443,2025-05-07 08:00:37
905,457,2025-05-07 08:00:37
906,429,2025-05-07 08:00:37
906,230,2025-05-07 08:00:37
906,240,2025-05-07 08:00:37
906,252,2025-05-07 08:00:37
906,457,2025-05-07 08:00:37
907,429,2025-05-07 08:00:37
907,230,2025-05-07 08:00:37
907,202,2025-05-07 08:00:37
908,252,2025-05-07 08:00:37
908,491,2025-05-07 08:00:37
908,204,2025-05-07 08:00:37
908,457,2025-05-07 08:00:37
909,124,2025-05-07 08:00:37
909,131,2025-05-07 08:00:37
909,443,2025-05-07 08:00:37
909,457,2025-05-07 08:00:37
910,487,2025-05-07 08:00:38
910,25,2025-05-07 08:00:38
911,429,2025-05-07 08:00:38
911,240,2025-05-07 08:00:38
911,193,2025-05-07 08:00:38
912,240,2025-05-07 08:00:38
913,124,2025-05-07 08:00:38
913,443,2025-05-07 08:00:38
913,457,2025-05-07 08:00:38
914,429,2025-05-08 08:00:34
915,429,2025-05-08 08:00:34
915,124,2025-05-08 08:00:34
915,204,2025-05-08 08:00:34
915,329,2025-05-08 08:00:34
916,240,2025-05-08 08:00:34
917,240,2025-05-08 08:00:35
918,240,2025-05-08 08:00:35
919,342,2025-05-08 08:00:35
920,429,2025-05-08 08:00:35
920,252,2025-05-08 08:00:35
920,124,2025-05-08 08:00:35
920,457,2025-05-08 08:00:35
921,240,2025-05-08 08:00:35
922,429,2025-05-08 08:00:36
922,204,2025-05-08 08:00:36
923,120,2025-05-08 08:00:36
923,47,2025-05-08 08:00:36
923,217,2025-05-08 08:00:36
923,382,2025-05-08 08:00:36
923,452,2025-05-08 08:00:36
923,460,2025-05-08 08:00:36
923,124,2025-05-08 08:00:36
923,292,2025-05-08 08:00:36
923,327,2025-05-08 08:00:36
924,133,2025-05-08 08:00:36
925,374,2025-05-08 08:00:36
925,389,2025-05-08 08:00:36
925,204,2025-05-08 08:00:36
926,374,2025-05-08 08:00:36
926,389,2025-05-08 08:00:36
926,166,2025-05-08 08:00:36
926,124,2025-05-08 08:00:36
926,204,2025-05-08 08:00:36
927,120,2025-05-08 08:00:36
927,460,2025-05-08 08:00:36
927,327,2025-05-08 08:00:36
928,429,2025-05-08 08:00:37
928,204,2025-05-08 08:00:37
928,329,2025-05-08 08:00:37
929,240,2025-05-08 08:00:37
930,429,2025-05-08 08:00:37
930,97,2025-05-08 08:00:37
930,491,2025-05-08 08:00:37
930,124,2025-05-08 08:00:37
930,31,2025-05-08 08:00:37
930,302,2025-05-08 08:00:37
930,329,2025-05-08 08:00:37
930,34,2025-05-08 08:00:37
931,230,2025-05-09 08:00:35
932,429,2025-05-09 08:00:35
932,230,2025-05-09 08:00:35
932,252,2025-05-09 08:00:35
932,204,2025-05-09 08:00:35
933,230,2025-05-09 08:00:35
934,429,2025-05-09 08:00:36
934,230,2025-05-09 08:00:36
934,252,2025-05-09 08:00:36
935,230,2025-05-09 08:00:36
936,429,2025-05-09 08:00:36
936,230,2025-05-09 08:00:36
936,252,2025-05-09 08:00:36
937,487,2025-05-09 08:00:36
938,429,2025-05-09 08:00:36
938,230,2025-05-09 08:00:36
938,252,2025-05-09 08:00:36
939,429,2025-05-09 08:00:37
940,240,2025-05-09 08:00:37
941,237,2025-05-09 08:00:37
942,230,2025-05-09 08:00:37
943,429,2025-05-09 08:00:37
943,124,2025-05-09 08:00:37
943,204,2025-05-09 08:00:37
944,429,2025-05-09 08:00:37
944,254,2025-05-09 08:00:37
944,230,2025-05-09 08:00:37
944,204,2025-05-09 08:00:37
944,539,2025-05-09 08:00:37
945,124,2025-05-09 08:00:38
945,113,2025-05-09 08:00:38
945,90,2025-05-09 08:00:38
946,460,2025-05-09 08:00:38
947,487,2025-05-09 08:00:38
947,25,2025-05-09 08:00:38
948,52,2025-05-09 08:00:38
948,124,2025-05-09 08:00:38
948,443,2025-05-09 08:00:38
948,204,2025-05-09 08:00:38
948,457,2025-05-09 08:00:38
949,460,2025-05-09 08:00:38
950,487,2025-05-09 08:00:39
950,230,2025-05-09 08:00:39
950,252,2025-05-09 08:00:39
951,124,2025-05-09 08:00:39
951,399,2025-05-09 08:00:39
951,457,2025-05-09 08:00:39
952,289,2025-05-09 08:00:39
952,399,2025-05-09 08:00:39
953,429,2025-05-09 08:00:39
953,230,2025-05-09 08:00:39
953,124,2025-05-09 08:00:39
954,429,2025-05-09 08:00:39
954,230,2025-05-09 08:00:39
954,252,2025-05-09 08:00:39
955,252,2025-05-09 08:00:39
955,491,2025-05-09 08:00:39
955,385,2025-05-09 08:00:39
955,34,2025-05-09 08:00:39
956,487,2025-05-09 08:00:40
956,240,2025-05-09 08:00:40
957,487,2025-05-09 08:00:40
957,230,2025-05-09 08:00:40
958,429,2025-05-10 08:00:26
958,545,2025-05-10 08:00:26
958,25,2025-05-10 08:00:26
959,460,2025-05-10 08:00:26
960,460,2025-05-10 08:00:26
960,204,2025-05-10 08:00:26
961,429,2025-05-10 08:00:26
961,545,2025-05-10 08:00:26
962,240,2025-05-10 08:00:26
963,422,2025-05-10 08:00:26
964,240,2025-05-11 08:00:17
965,149,2025-05-11 08:00:17
965,284,2025-05-11 08:00:17
965,252,2025-05-11 08:00:17
965,204,2025-05-11 08:00:17
965,361,2025-05-11 08:00:17
966,240,2025-05-11 08:00:17
967,120,2025-05-13 08:00:35
967,460,2025-05-13 08:00:35
968,487,2025-05-13 08:00:35
969,560,2025-05-13 08:00:36
969,561,2025-05-13 08:00:36
970,487,2025-05-13 08:00:36
970,539,2025-05-13 08:00:36
971,120,2025-05-13 08:00:36
971,460,2025-05-13 08:00:36
972,240,2025-05-13 08:00:36
973,487,2025-05-13 08:00:36
973,539,2025-05-13 08:00:36
974,124,2025-05-13 08:00:37
974,204,2025-05-13 08:00:37
975,487,2025-05-13 08:00:37
975,25,2025-05-13 08:00:37
975,539,2025-05-13 08:00:37
976,240,2025-05-13 08:00:37
977,487,2025-05-13 08:00:37
977,539,2025-05-13 08:00:37
978,457,2025-05-13 08:00:37
979,491,2025-05-13 08:00:38
979,394,2025-05-13 08:00:38
979,124,2025-05-13 08:00:38
980,457,2025-05-13 08:00:38
981,124,2025-05-13 08:00:38
981,457,2025-05-13 08:00:38
982,429,2025-05-13 08:00:38
982,230,2025-05-13 08:00:38
983,561,2025-05-13 08:00:38
983,560,2025-05-13 08:00:38
984,124,2025-05-13 08:00:38
985,452,2025-05-13 08:00:39
986,429,2025-05-14 08:00:36
986,230,2025-05-14 08:00:36
986,252,2025-05-14 08:00:36
986,295,2025-05-14 08:00:36
987,240,2025-05-14 08:00:36
988,429,2025-05-14 08:00:36
988,230,2025-05-14 08:00:36
988,202,2025-05-14 08:00:36
989,240,2025-05-14 08:00:36
990,230,2025-05-14 08:00:37
991,240,2025-05-14 08:00:37
992,136,2025-05-14 08:00:37
993,240,2025-05-14 08:00:37
994,240,2025-05-14 08:00:37
995,122,2025-05-14 08:00:38
995,200,2025-05-14 08:00:38
996,240,2025-05-14 08:00:38
997,240,2025-05-14 08:00:38
998,240,2025-05-14 08:00:38
999,460,2025-05-14 08:00:38
1000,240,2025-05-14 08:00:38
1001,429,2025-05-14 08:00:39
1001,230,2025-05-14 08:00:39
1001,252,2025-05-14 08:00:39
1002,295,2025-05-14 08:00:39
1003,120,2025-05-14 08:00:39
1003,295,2025-05-14 08:00:39
1003,460,2025-05-14 08:00:39
1004,414,2025-05-14 08:00:39
1004,452,2025-05-14 08:00:39
1004,441,2025-05-14 08:00:39
1004,510,2025-05-14 08:00:39
1005,524,2025-05-14 08:00:39
1006,562,2025-05-14 08:00:40
1007,240,2025-05-14 08:00:40
1007,295,2025-05-14 08:00:40
1008,122,2025-05-14 08:00:40
1009,240,2025-05-14 08:00:40
1010,254,2025-05-14 08:00:40
1010,136,2025-05-14 08:00:40
1011,240,2025-05-14 08:00:40
1012,429,2025-05-14 08:00:41
1012,252,2025-05-14 08:00:41
1012,204,2025-05-14 08:00:41
1013,240,2025-05-14 08:00:41
1014,429,2025-05-14 08:00:41
1014,230,2025-05-14 08:00:41
1014,240,2025-05-14 08:00:41
1014,252,2025-05-14 08:00:41
1014,295,2025-05-14 08:00:41
1014,34,2025-05-14 08:00:41
1015,460,2025-05-14 08:00:41
1016,429,2025-05-14 08:00:41
1016,230,2025-05-14 08:00:41
1016,486,2025-05-14 08:00:41
1016,295,2025-05-14 08:00:41
1016,524,2025-05-14 08:00:41
1017,230,2025-05-14 08:00:42
1018,460,2025-05-14 08:00:42
1019,429,2025-05-14 08:00:42
1019,202,2025-05-14 08:00:42
1020,120,2025-05-14 08:00:42
1020,460,2025-05-14 08:00:42
1021,295,2025-05-14 08:00:42
1022,240,2025-05-14 08:00:42
1022,204,2025-05-14 08:00:42
1023,43,2025-05-15 08:00:36
1023,340,2025-05-15 08:00:36
1024,39,2025-05-15 08:00:36
1025,254,2025-05-15 08:00:36
1026,240,2025-05-15 08:00:36
1027,39,2025-05-15 08:00:36
1028,169,2025-05-15 08:00:36
1029,487,2025-05-15 08:00:37
1029,539,2025-05-15 08:00:37
1030,39,2025-05-15 08:00:37
1031,429,2025-05-15 08:00:37
1031,20,2025-05-15 08:00:37
1031,240,2025-05-15 08:00:37
1031,124,2025-05-15 08:00:37
1032,240,2025-05-15 08:00:37
1033,429,2025-05-15 08:00:37
1034,240,2025-05-15 08:00:38
1035,487,2025-05-15 08:00:38
1035,539,2025-05-15 08:00:38
1036,539,2025-05-15 08:00:38
1037,429,2025-05-15 08:00:38
1037,230,2025-05-15 08:00:38
1037,252,2025-05-15 08:00:38
1037,124,2025-05-15 08:00:38
1038,429,2025-05-15 08:00:38
1038,240,2025-05-15 08:00:38
1038,25,2025-05-15 08:00:38
1038,204,2025-05-15 08:00:38
1039,487,2025-05-15 08:00:38
1039,539,2025-05-15 08:00:38
1040,487,2025-05-15 08:00:39
1040,539,2025-05-15 08:00:39
1041,39,2025-05-15 08:00:39
1042,240,2025-05-15 08:00:39
1043,429,2025-05-15 08:00:39
1043,230,2025-05-15 08:00:39
1043,252,2025-05-15 08:00:39
1044,39,2025-05-15 08:00:39
1045,240,2025-05-15 08:00:40
1046,429,2025-05-15 08:00:40
1046,240,2025-05-15 08:00:40
1047,39,2025-05-15 08:00:40
1048,429,2025-05-15 08:00:40
1048,230,2025-05-15 08:00:40
1048,252,2025-05-15 08:00:40
1048,394,2025-05-15 08:00:40
1049,230,2025-05-15 08:00:40
1050,240,2025-05-15 08:00:41
1051,429,2025-05-15 08:00:41
1051,230,2025-05-15 08:00:41
1051,252,2025-05-15 08:00:41
1052,39,2025-05-15 08:00:41
1053,240,2025-05-15 08:00:41
1053,136,2025-05-15 08:00:41
1054,20,2025-05-15 08:00:41
1054,240,2025-05-15 08:00:41
1055,394,2025-05-15 08:00:41
1056,39,2025-05-15 08:00:42
1057,240,2025-05-15 08:00:42
1058,240,2025-05-15 08:00:42
1059,452,2025-05-15 08:00:42
1059,204,2025-05-15 08:00:42
1059,189,2025-05-15 08:00:42
1060,429,2025-05-15 08:00:42
1060,230,2025-05-15 08:00:42
1060,252,2025-05-15 08:00:42
1060,394,2025-05-15 08:00:42
1061,429,2025-05-15 08:00:43
1061,20,2025-05-15 08:00:43
1061,240,2025-05-15 08:00:43
1061,252,2025-05-15 08:00:43
1062,487,2025-05-15 08:00:43
1062,539,2025-05-15 08:00:43
1063,429,2025-05-15 08:00:43
1063,230,2025-05-15 08:00:43
1063,252,2025-05-15 08:00:43
1063,394,2025-05-15 08:00:43
1064,39,2025-05-15 08:00:43
1065,252,2025-05-16 08:00:36
1066,252,2025-05-16 08:00:36
1067,252,2025-05-16 08:00:37
1068,240,2025-05-16 08:00:37
1069,240,2025-05-16 08:00:37
1070,252,2025-05-16 08:00:37
1070,385,2025-05-16 08:00:37
1071,252,2025-05-16 08:00:37
1071,385,2025-05-16 08:00:37
1072,240,2025-05-16 08:00:37
1073,252,2025-05-16 08:00:38
1073,385,2025-05-16 08:00:38
1074,124,2025-05-16 08:00:38
1074,457,2025-05-16 08:00:38
1075,204,2025-05-16 08:00:38
1076,122,2025-05-16 08:00:38
1076,200,2025-05-16 08:00:38
1076,22,2025-05-16 08:00:38
1077,429,2025-05-16 08:00:38
1077,202,2025-05-16 08:00:38
1078,386,2025-05-16 08:00:38
1078,124,2025-05-16 08:00:38
1078,457,2025-05-16 08:00:38
1078,145,2025-05-16 08:00:38
1079,252,2025-05-16 08:00:39
1080,124,2025-05-16 08:00:39
1080,399,2025-05-16 08:00:39
1080,457,2025-05-16 08:00:39
1081,252,2025-05-16 08:00:39
1081,385,2025-05-16 08:00:39
1082,452,2025-05-16 08:00:39
1083,105,2025-05-16 08:00:39
1084,124,2025-05-16 08:00:40
1084,457,2025-05-16 08:00:40
1085,487,2025-05-17 08:00:32
1085,230,2025-05-17 08:00:32
1085,252,2025-05-17 08:00:32
1086,122,2025-05-17 08:00:32
1086,499,2025-05-17 08:00:32
1086,200,2025-05-17 08:00:32
1087,240,2025-05-17 08:00:32
1088,124,2025-05-17 08:00:32
1088,204,2025-05-17 08:00:32
1088,457,2025-05-17 08:00:32
1089,240,2025-05-17 08:00:33
1090,563,2025-05-17 08:00:33
1091,240,2025-05-17 08:00:33
1092,240,2025-05-17 08:00:33
1093,452,2025-05-17 08:00:33
1093,204,2025-05-17 08:00:33
1093,441,2025-05-17 08:00:33
1094,429,2025-05-17 08:00:34
1094,230,2025-05-17 08:00:34
1094,252,2025-05-17 08:00:34
1094,202,2025-05-17 08:00:34
1094,385,2025-05-17 08:00:34
1094,204,2025-05-17 08:00:34
1094,342,2025-05-17 08:00:34
1095,240,2025-05-17 08:00:34
1096,429,2025-05-17 08:00:34
1096,25,2025-05-17 08:00:34
1097,240,2025-05-17 08:00:34
1098,252,2025-05-17 08:00:34
1098,202,2025-05-17 08:00:34
1098,385,2025-05-17 08:00:34
1098,204,2025-05-17 08:00:34
1098,342,2025-05-17 08:00:34
1099,240,2025-05-17 08:00:34
1100,122,2025-05-17 08:00:35
1100,240,2025-05-17 08:00:35
1101,491,2025-05-17 08:00:35
1101,204,2025-05-17 08:00:35
1102,429,2025-05-17 08:00:35
1102,230,2025-05-17 08:00:35
1102,252,2025-05-17 08:00:35
1102,385,2025-05-17 08:00:35
1102,204,2025-05-17 08:00:35
1103,240,2025-05-17 08:00:35
1104,240,2025-05-17 08:00:35
1105,564,2025-05-17 08:00:36
1106,122,2025-05-17 08:00:36
1106,499,2025-05-17 08:00:36
1106,200,2025-05-17 08:00:36
1107,429,2025-05-18 08:00:14
1107,545,2025-05-18 08:00:14
1108,230,2025-05-20 08:00:34
1108,240,2025-05-20 08:00:34
1109,230,2025-05-20 08:00:34
1109,240,2025-05-20 08:00:34
1110,124,2025-05-20 08:00:35
1111,240,2025-05-20 08:00:35
1111,124,2025-05-20 08:00:35
1111,204,2025-05-20 08:00:35
1112,124,2025-05-20 08:00:35
1113,240,2025-05-20 08:00:35
1114,124,2025-05-20 08:00:35
1115,124,2025-05-20 08:00:35
1116,240,2025-05-20 08:00:36
1116,124,2025-05-20 08:00:36
1116,131,2025-05-20 08:00:36
1117,240,2025-05-20 08:00:36
1118,499,2025-05-20 08:00:36
1119,240,2025-05-20 08:00:36
1119,252,2025-05-20 08:00:36
1120,540,2025-05-20 08:00:36
1120,228,2025-05-20 08:00:36
1121,230,2025-05-20 08:00:37
1122,429,2025-05-20 08:00:37
1122,266,2025-05-20 08:00:37
1122,230,2025-05-20 08:00:37
1123,124,2025-05-20 08:00:37
1124,204,2025-05-20 08:00:37
1125,230,2025-05-20 08:00:37
1125,252,2025-05-20 08:00:37
1126,230,2025-05-20 08:00:37
1126,240,2025-05-20 08:00:37
1127,240,2025-05-20 08:00:38
1128,429,2025-05-20 08:00:38
1128,266,2025-05-20 08:00:38
1128,252,2025-05-20 08:00:38
1129,124,2025-05-20 08:00:38
1130,133,2025-05-20 08:00:38
1131,124,2025-05-20 08:00:38
1132,240,2025-05-20 08:00:38
1132,124,2025-05-20 08:00:38
1133,124,2025-05-20 08:00:39
1134,429,2025-05-20 08:00:39
1134,266,2025-05-20 08:00:39
1135,204,2025-05-20 08:00:39
1135,450,2025-05-20 08:00:39
1136,240,2025-05-20 08:00:39
1137,252,2025-05-20 08:00:39
1138,120,2025-05-20 08:00:39
1138,460,2025-05-20 08:00:39
1139,429,2025-05-20 08:00:40
1139,266,2025-05-20 08:00:40
1139,204,2025-05-20 08:00:40
1140,124,2025-05-20 08:00:40
1141,124,2025-05-20 08:00:40
1142,429,2025-05-20 08:00:40
1142,266,2025-05-20 08:00:40
1143,429,2025-05-20 08:00:40
1143,266,2025-05-20 08:00:40
1144,204,2025-05-20 08:00:41
1145,252,2025-05-20 08:00:41
1145,204,2025-05-20 08:00:41
1146,429,2025-05-20 08:00:41
1146,266,2025-05-20 08:00:41
1146,230,2025-05-20 08:00:41
1147,429,2025-05-20 08:00:41
1147,266,2025-05-20 08:00:41
1147,230,2025-05-20 08:00:41
1148,240,2025-05-20 08:00:41
1149,230,2025-05-20 08:00:41
1149,240,2025-05-20 08:00:41
1150,230,2025-05-20 08:00:42
1150,252,2025-05-20 08:00:42
1151,429,2025-05-20 08:00:42
1151,230,2025-05-20 08:00:42
1151,240,2025-05-20 08:00:42
1152,429,2025-05-20 08:00:42
1152,266,2025-05-20 08:00:42
1152,230,2025-05-20 08:00:42
1153,429,2025-05-20 08:00:42
1153,230,2025-05-20 08:00:42
1153,252,2025-05-20 08:00:42
1153,204,2025-05-20 08:00:42
1154,230,2025-05-20 08:00:42
1154,252,2025-05-20 08:00:42
1155,124,2025-05-20 08:00:43
1156,240,2025-05-20 08:00:43
1157,429,2025-05-20 08:00:43
1157,266,2025-05-20 08:00:43
1157,230,2025-05-20 08:00:43
1158,429,2025-05-20 08:00:43
1158,266,2025-05-20 08:00:43
1158,230,2025-05-20 08:00:43
1159,230,2025-05-20 08:00:43
1159,240,2025-05-20 08:00:43
1160,380,2025-05-20 08:00:43
1160,120,2025-05-20 08:00:43
1160,47,2025-05-20 08:00:43
1160,452,2025-05-20 08:00:43
1160,460,2025-05-20 08:00:43
1160,124,2025-05-20 08:00:43
1160,327,2025-05-20 08:00:43
1160,77,2025-05-20 08:00:43
1161,429,2025-05-20 08:00:44
1161,266,2025-05-20 08:00:44
1161,230,2025-05-20 08:00:44
1162,230,2025-05-20 08:00:44
1162,124,2025-05-20 08:00:44
1163,429,2025-05-20 08:00:44
1163,204,2025-05-20 08:00:44
1164,429,2025-05-20 08:00:44
1164,266,2025-05-20 08:00:44
1164,230,2025-05-20 08:00:44
1165,429,2025-05-20 08:00:44
1165,266,2025-05-20 08:00:44
1165,204,2025-05-20 08:00:44
1166,120,2025-05-20 08:00:45
1166,47,2025-05-20 08:00:45
1166,559,2025-05-20 08:00:45
1167,204,2025-05-20 08:00:45
1168,429,2025-05-20 08:00:45
1168,266,2025-05-20 08:00:45
1168,204,2025-05-20 08:00:45
1169,240,2025-05-20 08:00:45
1170,204,2025-05-20 08:00:45
1170,342,2025-05-20 08:00:45
1171,230,2025-05-20 08:00:46
1171,240,2025-05-20 08:00:46
1172,429,2025-05-20 08:00:46
1172,266,2025-05-20 08:00:46
1172,124,2025-05-20 08:00:46
1173,429,2025-05-20 08:00:46
1173,266,2025-05-20 08:00:46
1173,204,2025-05-20 08:00:46
1174,429,2025-05-20 08:00:46
1174,266,2025-05-20 08:00:46
1174,240,2025-05-20 08:00:46
1175,124,2025-05-20 08:00:46
1176,230,2025-05-20 08:00:46
1177,429,2025-05-20 08:00:47
1177,240,2025-05-20 08:00:47
1177,342,2025-05-20 08:00:47
1178,240,2025-05-20 08:00:47
1179,429,2025-05-20 08:00:47
1179,266,2025-05-20 08:00:47
1179,252,2025-05-20 08:00:47
1180,230,2025-05-20 08:00:47
1181,230,2025-05-20 08:00:47
1181,252,2025-05-20 08:00:47
1182,429,2025-05-20 08:00:47
1182,266,2025-05-20 08:00:47
1182,230,2025-05-20 08:00:47
1183,136,2025-05-20 08:00:48
1184,113,2025-05-20 08:00:48
1185,429,2025-05-20 08:00:48
1185,266,2025-05-20 08:00:48
1185,252,2025-05-20 08:00:48
1186,257,2025-05-20 08:00:48
1187,429,2025-05-20 08:00:48
1187,266,2025-05-20 08:00:48
1187,342,2025-05-20 08:00:48
1188,230,2025-05-20 08:00:49
1188,252,2025-05-20 08:00:49
1189,240,2025-05-20 08:00:49
1190,252,2025-05-21 08:00:33
1190,385,2025-05-21 08:00:33
1191,240,2025-05-21 08:00:33
1192,240,2025-05-21 08:00:33
1193,124,2025-05-21 08:00:33
1193,204,2025-05-21 08:00:33
1194,429,2025-05-21 08:00:33
1194,230,2025-05-21 08:00:33
1194,204,2025-05-21 08:00:33
1195,240,2025-05-21 08:00:34
1195,252,2025-05-21 08:00:34
1196,240,2025-05-21 08:00:34
1197,124,2025-05-21 08:00:34
1198,429,2025-05-21 08:00:34
1198,266,2025-05-21 08:00:34
1199,124,2025-05-21 08:00:34
1200,429,2025-05-21 08:00:34
1200,122,2025-05-21 08:00:34
1200,240,2025-05-21 08:00:34
1200,252,2025-05-21 08:00:34
1201,429,2025-05-21 08:00:35
1201,266,2025-05-21 08:00:35
1202,230,2025-05-21 08:00:35
1203,429,2025-05-21 08:00:35
1203,266,2025-05-21 08:00:35
1203,204,2025-05-21 08:00:35
1204,565,2025-05-21 08:00:35
1205,429,2025-05-21 08:00:35
1205,342,2025-05-21 08:00:35
1206,252,2025-05-21 08:00:35
1207,240,2025-05-21 08:00:36
1208,240,2025-05-21 08:00:36
1209,122,2025-05-21 08:00:36
1209,228,2025-05-21 08:00:36
1209,525,2025-05-21 08:00:36
1209,473,2025-05-21 08:00:36
1210,230,2025-05-21 08:00:36
1210,240,2025-05-21 08:00:36
1211,429,2025-05-21 08:00:36
1211,342,2025-05-21 08:00:36
1212,204,2025-05-21 08:00:37
1213,124,2025-05-21 08:00:37
1213,204,2025-05-21 08:00:37
1214,252,2025-05-21 08:00:37
1214,385,2025-05-21 08:00:37
1215,429,2025-05-21 08:00:37
1215,230,2025-05-21 08:00:37
1216,230,2025-05-21 08:00:37
1217,240,2025-05-21 08:00:37
1217,124,2025-05-21 08:00:37
1218,252,2025-05-21 08:00:38
1218,385,2025-05-21 08:00:38
1219,124,2025-05-21 08:00:38
1220,230,2025-05-21 08:00:38
1221,120,2025-05-21 08:00:38
1221,460,2025-05-21 08:00:38
1222,240,2025-05-21 08:00:38
1222,204,2025-05-21 08:00:38
1223,429,2025-05-21 08:00:39
1223,266,2025-05-21 08:00:39
1224,441,2025-05-21 08:00:39
1225,252,2025-05-21 08:00:39
1225,124,2025-05-21 08:00:39
1226,394,2025-05-22 08:00:37
1226,124,2025-05-22 08:00:37
1227,240,2025-05-22 08:00:37
1228,240,2025-05-22 08:00:37
1229,240,2025-05-22 08:00:38
1230,240,2025-05-22 08:00:38
1231,398,2025-05-22 08:00:38
1232,487,2025-05-22 08:00:38
1232,539,2025-05-22 08:00:38
1233,238,2025-05-22 08:00:38
1233,394,2025-05-22 08:00:38
1234,113,2025-05-22 08:00:39
1235,429,2025-05-22 08:00:39
1235,230,2025-05-22 08:00:39
1236,240,2025-05-22 08:00:39
1237,240,2025-05-22 08:00:39
1238,429,2025-05-22 08:00:39
1238,230,2025-05-22 08:00:39
1238,252,2025-05-22 08:00:39
1238,204,2025-05-22 08:00:39
1239,429,2025-05-22 08:00:40
1239,230,2025-05-22 08:00:40
1239,252,2025-05-22 08:00:40
1239,204,2025-05-22 08:00:40
1240,124,2025-05-22 08:00:40
1240,204,2025-05-22 08:00:40
1241,429,2025-05-22 08:00:40
1241,240,2025-05-22 08:00:40
1241,539,2025-05-22 08:00:40
1242,124,2025-05-22 08:00:40
1243,240,2025-05-22 08:00:40
1244,240,2025-05-23 08:00:53
1245,15,2025-05-23 08:00:53
1245,418,2025-05-23 08:00:53
1245,452,2025-05-23 08:00:53
1245,466,2025-05-23 08:00:53
1245,327,2025-05-23 08:00:53
1245,204,2025-05-23 08:00:53
1245,441,2025-05-23 08:00:53
1245,189,2025-05-23 08:00:53
1245,198,2025-05-23 08:00:53
1246,414,2025-05-23 08:00:53
1246,452,2025-05-23 08:00:53
1246,292,2025-05-23 08:00:53
1246,327,2025-05-23 08:00:53
1246,198,2025-05-23 08:00:53
1247,240,2025-05-23 08:00:54
1248,401,2025-05-23 08:00:54
1248,314,2025-05-23 08:00:54
1248,293,2025-05-23 08:00:54
1249,240,2025-05-23 08:00:54
1250,113,2025-05-23 08:00:54
1250,90,2025-05-23 08:00:54
1251,124,2025-05-23 08:00:54
1251,443,2025-05-23 08:00:54
1251,457,2025-05-23 08:00:54
1252,473,2025-05-23 08:00:54
1252,22,2025-05-23 08:00:54
1253,414,2025-05-23 08:00:55
1253,217,2025-05-23 08:00:55
1253,452,2025-05-23 08:00:55
1253,292,2025-05-23 08:00:55
1253,204,2025-05-23 08:00:55
1254,401,2025-05-23 08:00:55
1254,314,2025-05-23 08:00:55
1254,293,2025-05-23 08:00:55
1255,429,2025-05-23 08:00:55
1255,254,2025-05-23 08:00:55
1255,230,2025-05-23 08:00:55
1255,252,2025-05-23 08:00:55
1255,124,2025-05-23 08:00:55
1256,124,2025-05-24 08:00:34
1256,136,2025-05-24 08:00:34
1256,443,2025-05-24 08:00:34
1256,457,2025-05-24 08:00:34
1257,386,2025-05-24 08:00:34
1257,124,2025-05-24 08:00:34
1258,240,2025-05-24 08:00:35
1259,429,2025-05-24 08:00:35
1259,230,2025-05-24 08:00:35
1260,491,2025-05-24 08:00:35
1261,252,2025-05-24 08:00:35
1261,385,2025-05-24 08:00:35
1261,204,2025-05-24 08:00:35
1262,240,2025-05-24 08:00:35
1263,329,2025-05-24 08:00:36
1264,252,2025-05-24 08:00:36
1265,240,2025-05-24 08:00:36
1266,566,2025-05-24 08:00:36
1267,429,2025-05-24 08:00:36
1267,252,2025-05-24 08:00:36
1267,457,2025-05-24 08:00:36
1268,414,2025-05-24 08:00:36
1268,452,2025-05-24 08:00:36
1268,327,2025-05-24 08:00:36
1269,124,2025-05-24 08:00:37
1269,99,2025-05-24 08:00:37
1269,136,2025-05-24 08:00:37
1270,460,2025-05-24 08:00:37
1271,240,2025-05-24 08:00:37
1272,240,2025-05-24 08:00:37
1273,240,2025-05-24 08:00:37
1274,307,2025-05-24 08:00:38
1274,329,2025-05-24 08:00:38
1275,293,2025-05-24 08:00:38
1275,445,2025-05-24 08:00:38
1276,133,2025-05-24 08:00:38
1276,62,2025-05-24 08:00:38
1277,124,2025-05-24 08:00:38
1277,136,2025-05-24 08:00:38
1278,369,2025-05-24 08:00:38
1279,240,2025-05-24 08:00:39
1280,369,2025-05-24 08:00:39
1281,240,2025-05-24 08:00:39
1282,124,2025-05-24 08:00:39
1282,136,2025-05-24 08:00:39
1283,558,2025-05-24 08:00:39
1284,240,2025-05-24 08:00:39
1285,445,2025-05-24 08:00:40
1286,252,2025-05-24 08:00:40
1286,491,2025-05-24 08:00:40
1286,42,2025-05-24 08:00:40
1287,566,2025-05-24 08:00:40
1287,252,2025-05-24 08:00:40
1287,385,2025-05-24 08:00:40
1287,204,2025-05-24 08:00:40
1288,240,2025-05-24 08:00:40
1289,240,2025-05-24 08:00:40
1290,240,2025-05-24 08:00:41
1291,240,2025-05-24 08:00:41
1292,566,2025-05-24 08:00:41
1293,525,2025-05-24 08:00:41
1293,473,2025-05-24 08:00:41
1293,200,2025-05-24 08:00:41
1294,240,2025-05-24 08:00:41
1295,491,2025-05-24 08:00:41
1296,240,2025-05-24 08:00:42
1297,566,2025-05-24 08:00:42
1297,240,2025-05-24 08:00:42
1297,432,2025-05-24 08:00:42
1298,540,2025-05-24 08:00:42
1298,6,2025-05-24 08:00:42
1298,445,2025-05-24 08:00:42
1299,429,2025-05-24 08:00:42
1300,122,2025-05-24 08:00:42
1300,540,2025-05-24 08:00:42
1300,525,2025-05-24 08:00:42
1300,200,2025-05-24 08:00:42
1301,120,2025-05-24 08:00:43
1301,122,2025-05-24 08:00:43
1301,133,2025-05-24 08:00:43
1302,566,2025-05-24 08:00:43
1302,542,2025-05-24 08:00:43
1303,240,2025-05-24 08:00:43
1304,329,2025-05-24 08:00:43
1305,429,2025-05-24 08:00:43
1305,252,2025-05-24 08:00:43
1305,204,2025-05-24 08:00:43
1306,230,2025-05-24 08:00:44
1307,558,2025-05-24 08:00:44
1307,513,2025-05-24 08:00:44
1308,240,2025-05-24 08:00:44
1309,238,2025-05-24 08:00:44
1310,155,2025-05-24 08:00:44
1310,34,2025-05-24 08:00:44
1311,386,2025-05-24 08:00:44
1311,252,2025-05-24 08:00:44
1311,491,2025-05-24 08:00:44
1311,385,2025-05-24 08:00:44
1311,42,2025-05-24 08:00:44
1312,401,2025-05-24 08:00:45
1313,204,2025-05-24 08:00:45
1314,329,2025-05-24 08:00:45
1315,401,2025-05-24 08:00:45
1316,540,2025-05-24 08:00:45
1316,499,2025-05-24 08:00:45
1316,525,2025-05-24 08:00:45
1316,200,2025-05-24 08:00:45
1317,542,2025-05-24 08:00:46
1317,252,2025-05-24 08:00:46
1318,133,2025-05-24 08:00:46
1318,62,2025-05-24 08:00:46
1319,566,2025-05-24 08:00:46
1319,542,2025-05-24 08:00:46
1320,252,2025-05-24 08:00:46
1320,491,2025-05-24 08:00:46
1320,385,2025-05-24 08:00:46
1320,42,2025-05-24 08:00:46
1321,120,2025-05-24 08:00:46
1321,460,2025-05-24 08:00:46
1322,122,2025-05-24 08:00:47
1322,540,2025-05-24 08:00:47
1322,499,2025-05-24 08:00:47
1322,525,2025-05-24 08:00:47
1322,200,2025-05-24 08:00:47
1323,252,2025-05-24 08:00:47
1324,124,2025-05-24 08:00:47
1324,457,2025-05-24 08:00:47
1325,540,2025-05-24 08:00:47
1325,314,2025-05-24 08:00:47
1325,445,2025-05-24 08:00:47
1326,429,2025-05-24 08:00:47
1326,240,2025-05-24 08:00:47
1327,252,2025-05-24 08:00:47
1327,491,2025-05-24 08:00:47
1328,386,2025-05-24 08:00:48
1328,124,2025-05-24 08:00:48
1329,240,2025-05-24 08:00:48
1330,240,2025-05-24 08:00:48
1331,252,2025-05-24 08:00:48
1332,566,2025-05-24 08:00:48
1332,240,2025-05-24 08:00:48
1333,240,2025-05-24 08:00:48
1334,429,2025-05-24 08:00:49
1334,230,2025-05-24 08:00:49
1334,252,2025-05-24 08:00:49
1334,307,2025-05-24 08:00:49
1334,204,2025-05-24 08:00:49
1335,386,2025-05-24 08:00:49
1335,124,2025-05-24 08:00:49
1336,540,2025-05-24 08:00:49
1336,314,2025-05-24 08:00:49
1336,445,2025-05-24 08:00:49
1337,429,2025-05-24 08:00:49
1337,204,2025-05-24 08:00:49
1338,240,2025-05-24 08:00:49
1339,240,2025-05-24 08:00:50
1340,252,2025-05-24 08:00:50
1341,567,2025-05-24 08:00:50
1342,124,2025-05-24 08:00:50
1343,124,2025-05-24 08:00:50
1344,230,2025-05-24 08:00:51
1345,240,2025-05-24 08:00:51
1346,240,2025-05-24 08:00:51
1347,429,2025-05-24 08:00:51
1348,133,2025-05-24 08:00:51
1349,293,2025-05-24 08:00:51
1349,231,2025-05-24 08:00:51
1350,230,2025-05-24 08:00:52
1351,460,2025-05-24 08:00:52
1351,124,2025-05-24 08:00:52
1351,327,2025-05-24 08:00:52
1352,155,2025-05-24 08:00:52
1352,566,2025-05-24 08:00:52
1352,329,2025-05-24 08:00:52
1352,34,2025-05-24 08:00:52
1353,122,2025-05-24 08:00:52
1353,499,2025-05-24 08:00:52
1353,525,2025-05-24 08:00:52
1354,540,2025-05-24 08:00:52
1354,200,2025-05-24 08:00:52
1355,386,2025-05-24 08:00:52
1355,254,2025-05-24 08:00:52
1355,124,2025-05-24 08:00:52
1355,136,2025-05-24 08:00:52
1356,445,2025-05-24 08:00:53
1357,122,2025-05-24 08:00:53
1357,499,2025-05-24 08:00:53
1357,200,2025-05-24 08:00:53
1358,568,2025-05-24 08:00:53
1359,487,2025-05-24 08:00:53
1359,230,2025-05-24 08:00:53
1359,252,2025-05-24 08:00:53
1359,342,2025-05-24 08:00:53
1360,240,2025-05-24 08:00:53
1361,155,2025-05-24 08:00:54
1361,34,2025-05-24 08:00:54
1362,491,2025-05-24 08:00:54
1362,124,2025-05-24 08:00:54
1363,122,2025-05-24 08:00:54
1363,133,2025-05-24 08:00:54
1363,200,2025-05-24 08:00:54
1364,124,2025-05-24 08:00:54
1364,443,2025-05-24 08:00:54
1364,399,2025-05-24 08:00:54
1365,252,2025-05-24 08:00:54
1365,491,2025-05-24 08:00:54
1365,124,2025-05-24 08:00:54
1366,252,2025-05-24 08:00:55
1367,429,2025-05-24 08:00:55
1367,230,2025-05-24 08:00:55
1367,252,2025-05-24 08:00:55
1367,307,2025-05-24 08:00:55
1368,240,2025-05-24 08:00:55
1369,122,2025-05-24 08:00:55
1369,499,2025-05-24 08:00:55
1369,473,2025-05-24 08:00:55
1369,133,2025-05-24 08:00:55
1369,361,2025-05-24 08:00:55
1369,22,2025-05-24 08:00:55
1370,429,2025-05-25 08:00:38
1370,240,2025-05-25 08:00:38
1371,252,2025-05-25 08:00:39
1371,42,2025-05-25 08:00:39
1372,120,2025-05-25 08:00:39
1372,460,2025-05-25 08:00:39
1373,487,2025-05-25 08:00:39
1373,473,2025-05-25 08:00:39
1373,230,2025-05-25 08:00:39
1373,361,2025-05-25 08:00:39
1373,342,2025-05-25 08:00:39
1373,22,2025-05-25 08:00:39
1374,429,2025-05-25 08:00:39
1374,252,2025-05-25 08:00:39
1374,204,2025-05-25 08:00:39
1375,429,2025-05-25 08:00:39
1375,230,2025-05-25 08:00:39
1375,240,2025-05-25 08:00:39
1375,252,2025-05-25 08:00:39
1375,201,2025-05-25 08:00:39
1375,204,2025-05-25 08:00:39
1375,505,2025-05-25 08:00:39
1376,429,2025-05-25 08:00:40
1376,545,2025-05-25 08:00:40
1376,25,2025-05-25 08:00:40
1377,429,2025-05-25 08:00:40
1377,122,2025-05-25 08:00:40
1377,240,2025-05-25 08:00:40
1377,252,2025-05-25 08:00:40
1377,204,2025-05-25 08:00:40
1378,240,2025-05-25 08:00:40
1379,429,2025-05-25 08:00:40
1379,204,2025-05-25 08:00:40
1379,329,2025-05-25 08:00:40
1380,133,2025-05-25 08:00:40
1380,124,2025-05-25 08:00:40
1380,204,2025-05-25 08:00:40
1381,240,2025-05-25 08:00:41
1382,429,2025-05-25 08:00:41
1382,545,2025-05-25 08:00:41
1383,240,2025-05-27 08:00:36
1384,240,2025-05-27 08:00:36
1385,374,2025-05-27 08:00:36
1385,389,2025-05-27 08:00:36
1385,204,2025-05-27 08:00:36
1386,429,2025-05-27 08:00:37
1386,568,2025-05-27 08:00:37
1386,230,2025-05-27 08:00:37
1386,252,2025-05-27 08:00:37
1386,25,2025-05-27 08:00:37
1387,429,2025-05-27 08:00:37
1387,568,2025-05-27 08:00:37
1387,230,2025-05-27 08:00:37
1387,252,2025-05-27 08:00:37
1387,25,2025-05-27 08:00:37
1388,429,2025-05-27 08:00:37
1388,230,2025-05-27 08:00:37
1388,202,2025-05-27 08:00:37
1389,124,2025-05-27 08:00:37
1389,457,2025-05-27 08:00:37
1390,429,2025-05-27 08:00:37
1390,230,2025-05-27 08:00:37
1390,240,2025-05-27 08:00:37
1390,252,2025-05-27 08:00:37
1390,204,2025-05-27 08:00:37
1391,230,2025-05-27 08:00:38
1392,429,2025-05-27 08:00:38
1392,240,2025-05-27 08:00:38
1393,429,2025-05-27 08:00:38
1393,240,2025-05-27 08:00:38
1393,252,2025-05-27 08:00:38
1393,204,2025-05-27 08:00:38
1394,429,2025-05-27 08:00:38
1394,358,2025-05-27 08:00:38
1394,204,2025-05-27 08:00:38
1394,505,2025-05-27 08:00:38
1395,240,2025-05-27 08:00:38
1396,230,2025-05-27 08:00:38
1397,374,2025-05-27 08:00:39
1397,389,2025-05-27 08:00:39
1397,166,2025-05-27 08:00:39
1397,204,2025-05-27 08:00:39
1398,569,2025-05-28 08:00:35
1399,570,2025-05-28 08:00:35
1400,559,2025-05-28 08:00:36
1401,429,2025-05-28 08:00:36
1401,230,2025-05-28 08:00:36
1401,204,2025-05-28 08:00:36
1402,429,2025-05-28 08:00:36
1402,230,2025-05-28 08:00:36
1402,252,2025-05-28 08:00:36
1402,460,2025-05-28 08:00:36
1403,569,2025-05-28 08:00:36
1404,559,2025-05-28 08:00:36
1405,97,2025-05-28 08:00:37
1406,204,2025-05-28 08:00:37
1407,569,2025-05-28 08:00:37
1408,542,2025-05-28 08:00:37
1408,97,2025-05-28 08:00:37
1408,569,2025-05-28 08:00:37
1409,460,2025-05-28 08:00:37
1410,429,2025-05-28 08:00:37
1410,230,2025-05-28 08:00:37
1410,97,2025-05-28 08:00:37
1411,460,2025-05-28 08:00:38
1411,570,2025-05-28 08:00:38
1411,569,2025-05-28 08:00:38
1411,204,2025-05-28 08:00:38
1412,570,2025-05-28 08:00:38
1413,570,2025-05-28 08:00:38
1414,571,2025-05-28 08:00:38
1415,429,2025-05-28 08:00:38
1415,230,2025-05-28 08:00:38
1415,252,2025-05-28 08:00:38
1415,571,2025-05-28 08:00:38
1416,429,2025-05-28 08:00:39
1416,230,2025-05-28 08:00:39
1416,240,2025-05-28 08:00:39
1416,252,2025-05-28 08:00:39
1416,124,2025-05-28 08:00:39
1417,120,2025-05-28 08:00:39
1418,429,2025-05-28 08:00:39
1418,230,2025-05-28 08:00:39
1418,252,2025-05-28 08:00:39
1419,460,2025-05-28 08:00:39
1420,394,2025-05-28 08:00:39
1420,124,2025-05-28 08:00:39
1421,34,2025-05-28 08:00:39
1421,422,2025-05-28 08:00:39
1422,97,2025-05-28 08:00:40
1423,429,2025-05-28 08:00:40
1423,230,2025-05-28 08:00:40
1423,204,2025-05-28 08:00:40
1424,240,2025-05-29 08:00:42
1425,240,2025-05-29 08:00:42
1426,429,2025-05-29 08:00:42
1427,386,2025-05-29 08:00:42
1427,124,2025-05-29 08:00:42
1427,443,2025-05-29 08:00:42
1427,457,2025-05-29 08:00:42
1428,252,2025-05-29 08:00:43
1429,240,2025-05-29 08:00:43
1430,254,2025-05-29 08:00:43
1430,394,2025-05-29 08:00:43
1430,124,2025-05-29 08:00:43
1431,429,2025-05-29 08:00:43
1431,230,2025-05-29 08:00:43
1431,25,2025-05-29 08:00:43
1431,457,2025-05-29 08:00:43
1431,539,2025-05-29 08:00:43
1432,120,2025-05-29 08:00:43
1432,452,2025-05-29 08:00:43
1432,460,2025-05-29 08:00:43
1432,440,2025-05-29 08:00:43
1433,422,2025-05-29 08:00:43
1434,124,2025-05-29 08:00:44
1434,457,2025-05-29 08:00:44
1435,120,2025-05-29 08:00:44
1436,429,2025-05-29 08:00:44
1436,230,2025-05-29 08:00:44
1436,25,2025-05-29 08:00:44
1436,457,2025-05-29 08:00:44
1436,539,2025-05-29 08:00:44
1437,429,2025-05-29 08:00:44
1437,230,2025-05-29 08:00:44
1437,25,2025-05-29 08:00:44
1437,457,2025-05-29 08:00:44
1437,539,2025-05-29 08:00:44
1438,429,2025-05-30 08:00:43
1438,230,2025-05-30 08:00:43
1439,452,2025-05-30 08:00:43
1440,240,2025-05-30 08:00:43
1441,240,2025-05-30 08:00:43
1442,240,2025-05-30 08:00:43
1443,230,2025-05-30 08:00:44
1444,240,2025-05-30 08:00:44
1445,429,2025-05-30 08:00:44
1445,122,2025-05-30 08:00:44
1445,240,2025-05-30 08:00:44
1446,429,2025-05-30 08:00:44
1446,230,2025-05-30 08:00:44
1446,240,2025-05-30 08:00:44
1446,252,2025-05-30 08:00:44
1446,124,2025-05-30 08:00:44
1446,539,2025-05-30 08:00:44
1447,240,2025-05-30 08:00:44
1448,452,2025-05-30 08:00:45
1448,189,2025-05-30 08:00:45
1449,252,2025-05-30 08:00:45
1449,218,2025-05-30 08:00:45
1449,385,2025-05-30 08:00:45
1450,240,2025-05-30 08:00:45
1451,120,2025-05-30 08:00:45
1452,429,2025-05-30 08:00:45
1452,230,2025-05-30 08:00:45
1452,240,2025-05-30 08:00:45
1452,252,2025-05-30 08:00:45
1452,124,2025-05-30 08:00:45
1452,539,2025-05-30 08:00:45
1453,122,2025-05-30 08:00:46
1454,429,2025-05-30 08:00:46
1454,230,2025-05-30 08:00:46
1454,240,2025-05-30 08:00:46
1454,252,2025-05-30 08:00:46
1454,124,2025-05-30 08:00:46
1454,539,2025-05-30 08:00:46
1455,429,2025-05-30 08:00:46
1455,230,2025-05-30 08:00:46
1455,240,2025-05-30 08:00:46
1455,252,2025-05-30 08:00:46
1456,429,2025-05-30 08:00:46
1456,230,2025-05-30 08:00:46
1456,240,2025-05-30 08:00:46
1456,252,2025-05-30 08:00:46
1456,124,2025-05-30 08:00:46
1456,539,2025-05-30 08:00:46
1457,429,2025-05-30 08:00:46
1457,230,2025-05-30 08:00:46
1457,240,2025-05-30 08:00:46
1457,252,2025-05-30 08:00:46
1457,124,2025-05-30 08:00:46
1457,539,2025-05-30 08:00:46
1458,429,2025-05-30 08:00:47
1459,240,2025-05-30 08:00:47
1460,457,2025-05-30 08:00:47
1461,240,2025-05-30 08:00:47
1462,429,2025-05-30 08:00:47
1462,230,2025-05-30 08:00:47
1462,240,2025-05-30 08:00:47
1462,252,2025-05-30 08:00:47
1462,124,2025-05-30 08:00:47
1462,539,2025-05-30 08:00:47
1463,292,2025-05-30 08:00:47
1464,252,2025-05-30 08:00:48
1464,385,2025-05-30 08:00:48
1465,545,2025-05-30 08:00:48
1466,292,2025-05-30 08:00:48
1467,240,2025-05-30 08:00:48
1468,240,2025-05-31 08:00:35
1469,572,2025-05-31 08:00:35
1470,240,2025-05-31 08:00:36
1471,124,2025-05-31 08:00:36
1472,429,2025-05-31 08:00:36
1472,240,2025-05-31 08:00:36
1472,124,2025-05-31 08:00:36
1473,219,2025-05-31 08:00:36
1474,231,2025-05-31 08:00:36
1475,422,2025-05-31 08:00:37
1476,120,2025-05-31 08:00:37
1477,230,2025-05-31 08:00:37
1478,230,2025-05-31 08:00:37
1479,230,2025-05-31 08:00:37
1480,230,2025-05-31 08:00:37
1481,429,2025-05-31 08:00:38
1481,230,2025-05-31 08:00:38
1481,252,2025-05-31 08:00:38
1481,124,2025-05-31 08:00:38
1481,204,2025-05-31 08:00:38
1482,386,2025-05-31 08:00:38
1482,124,2025-05-31 08:00:38
1482,99,2025-05-31 08:00:38
1482,443,2025-05-31 08:00:38
1482,492,2025-05-31 08:00:38
1482,457,2025-05-31 08:00:38
1483,429,2025-05-31 08:00:38
1483,524,2025-05-31 08:00:38
1484,230,2025-05-31 08:00:38
1485,124,2025-05-31 08:00:38
1486,124,2025-06-01 08:00:35
1486,443,2025-06-01 08:00:35
1487,120,2025-06-01 08:00:35
1488,97,2025-06-01 08:00:35
1489,122,2025-06-01 08:00:35
1490,230,2025-06-01 08:00:36
1491,230,2025-06-01 08:00:36
1492,252,2025-06-01 08:00:36
1492,491,2025-06-01 08:00:36
1493,314,2025-06-01 08:00:36
1494,452,2025-06-01 08:00:36
1494,493,2025-06-01 08:00:36
1495,230,2025-06-01 08:00:36
1496,573,2025-06-01 08:00:37
1497,113,2025-06-01 08:00:37
1497,249,2025-06-01 08:00:37
1497,90,2025-06-01 08:00:37
1498,429,2025-06-03 08:00:38
1498,149,2025-06-03 08:00:38
1498,254,2025-06-03 08:00:38
1498,230,2025-06-03 08:00:38
1498,252,2025-06-03 08:00:38
1498,124,2025-06-03 08:00:38
1499,429,2025-06-03 08:00:38
1499,254,2025-06-03 08:00:38
1499,230,2025-06-03 08:00:38
1499,252,2025-06-03 08:00:38
1499,124,2025-06-03 08:00:38
1499,524,2025-06-03 08:00:38
1500,429,2025-06-03 08:00:39
1500,254,2025-06-03 08:00:39
1500,230,2025-06-03 08:00:39
1500,252,2025-06-03 08:00:39
1500,124,2025-06-03 08:00:39
1500,524,2025-06-03 08:00:39
1501,394,2025-06-03 08:00:39
1501,124,2025-06-03 08:00:39
1502,240,2025-06-03 08:00:39
1503,429,2025-06-03 08:00:39
1503,149,2025-06-03 08:00:39
1503,230,2025-06-03 08:00:39
1504,429,2025-06-03 08:00:39
1504,254,2025-06-03 08:00:39
1504,230,2025-06-03 08:00:39
1504,252,2025-06-03 08:00:39
1504,124,2025-06-03 08:00:39
1504,524,2025-06-03 08:00:39
1505,240,2025-06-03 08:00:40
1506,120,2025-06-03 08:00:40
1506,47,2025-06-03 08:00:40
1506,382,2025-06-03 08:00:40
1506,452,2025-06-03 08:00:40
1506,460,2025-06-03 08:00:40
1506,292,2025-06-03 08:00:40
1506,327,2025-06-03 08:00:40
1506,77,2025-06-03 08:00:40
1507,460,2025-06-03 08:00:40
1508,429,2025-06-03 08:00:40
1508,254,2025-06-03 08:00:40
1508,383,2025-06-03 08:00:40
1508,230,2025-06-03 08:00:40
1508,252,2025-06-03 08:00:40
1508,124,2025-06-03 08:00:40
1509,429,2025-06-03 08:00:40
1509,254,2025-06-03 08:00:40
1509,169,2025-06-03 08:00:40
1509,124,2025-06-03 08:00:40
1509,539,2025-06-03 08:00:40
1510,240,2025-06-03 08:00:40
1511,254,2025-06-03 08:00:41
1511,124,2025-06-03 08:00:41
1512,429,2025-06-03 08:00:41
1512,266,2025-06-03 08:00:41
1512,545,2025-06-03 08:00:41
1512,568,2025-06-03 08:00:41
1512,240,2025-06-03 08:00:41
1512,25,2025-06-03 08:00:41
1513,254,2025-06-03 08:00:41
1513,124,2025-06-03 08:00:41
1514,429,2025-06-03 08:00:41
1514,254,2025-06-03 08:00:41
1514,230,2025-06-03 08:00:41
1514,252,2025-06-03 08:00:41
1514,124,2025-06-03 08:00:41
1514,524,2025-06-03 08:00:41
1515,429,2025-06-04 08:00:37
1515,166,2025-06-04 08:00:37
1515,252,2025-06-04 08:00:37
1515,491,2025-06-04 08:00:37
1515,307,2025-06-04 08:00:37
1515,385,2025-06-04 08:00:37
1516,230,2025-06-04 08:00:37
1517,124,2025-06-04 08:00:37
1517,443,2025-06-04 08:00:37
1517,457,2025-06-04 08:00:37
1518,217,2025-06-04 08:00:37
1518,452,2025-06-04 08:00:37
1518,460,2025-06-04 08:00:37
1518,204,2025-06-04 08:00:37
1518,189,2025-06-04 08:00:37
1519,429,2025-06-04 08:00:37
1519,122,2025-06-04 08:00:37
1519,566,2025-06-04 08:00:37
1519,240,2025-06-04 08:00:37
1519,252,2025-06-04 08:00:37
1520,429,2025-06-04 08:00:37
1521,124,2025-06-04 08:00:38
1521,289,2025-06-04 08:00:38
1521,399,2025-06-04 08:00:38
1522,240,2025-06-04 08:00:38
1523,429,2025-06-04 08:00:38
1523,230,2025-06-04 08:00:38
1523,240,2025-06-04 08:00:38
1523,252,2025-06-04 08:00:38
1524,122,2025-06-04 08:00:38
1524,240,2025-06-04 08:00:38
1525,124,2025-06-04 08:00:38
1526,429,2025-06-04 08:00:39
1526,240,2025-06-04 08:00:39
1526,124,2025-06-04 08:00:39
1527,464,2025-06-04 08:00:39
1528,429,2025-06-04 08:00:39
1528,240,2025-06-04 08:00:39
1528,252,2025-06-04 08:00:39
1529,252,2025-06-04 08:00:39
1530,240,2025-06-04 08:00:39
1531,217,2025-06-04 08:00:39
1531,452,2025-06-04 08:00:39
1531,460,2025-06-04 08:00:39
1531,204,2025-06-04 08:00:39
1531,189,2025-06-04 08:00:39
1532,473,2025-06-04 08:00:40
1532,361,2025-06-04 08:00:40
1533,155,2025-06-04 08:00:40
1533,105,2025-06-04 08:00:40
1533,259,2025-06-04 08:00:40
1533,193,2025-06-04 08:00:40
1533,25,2025-06-04 08:00:40
1533,34,2025-06-04 08:00:40
1534,545,2025-06-05 08:00:31
1534,546,2025-06-05 08:00:31
1535,204,2025-06-05 08:00:31
1536,240,2025-06-05 08:00:31
1537,574,2025-06-05 08:00:32
1538,252,2025-06-05 08:00:32
1538,491,2025-06-05 08:00:32
1539,575,2025-06-05 08:00:32
1540,429,2025-06-05 08:00:32
1540,252,2025-06-05 08:00:32
1540,491,2025-06-05 08:00:32
1541,429,2025-06-05 08:00:32
1541,566,2025-06-05 08:00:32
1541,230,2025-06-05 08:00:32
1541,240,2025-06-05 08:00:32
1542,124,2025-06-05 08:00:33
1542,443,2025-06-05 08:00:33
1542,289,2025-06-05 08:00:33
1542,457,2025-06-05 08:00:33
1543,429,2025-06-05 08:00:33
1544,238,2025-06-05 08:00:33
1544,394,2025-06-05 08:00:33
1544,124,2025-06-05 08:00:33
1545,124,2025-06-05 08:00:33
1546,566,2025-06-05 08:00:33
1546,240,2025-06-05 08:00:33
1547,240,2025-06-05 08:00:33
1548,429,2025-06-05 08:00:34
1548,394,2025-06-05 08:00:34
1549,576,2025-06-05 08:00:34
1550,545,2025-06-05 08:00:34
1551,577,2025-06-05 08:00:34
1552,578,2025-06-05 08:00:34
1553,240,2025-06-05 08:00:35
1554,240,2025-06-05 08:00:35
1555,487,2025-06-06 08:00:35
1555,230,2025-06-06 08:00:35
1555,240,2025-06-06 08:00:35
1555,295,2025-06-06 08:00:35
1556,457,2025-06-06 08:00:35
1557,487,2025-06-06 08:00:35
1557,230,2025-06-06 08:00:35
1557,240,2025-06-06 08:00:35
1557,295,2025-06-06 08:00:35
1558,230,2025-06-06 08:00:35
1558,295,2025-06-06 08:00:35
1559,487,2025-06-06 08:00:36
1559,230,2025-06-06 08:00:36
1559,295,2025-06-06 08:00:36
1560,429,2025-06-06 08:00:36
1560,230,2025-06-06 08:00:36
1560,240,2025-06-06 08:00:36
1560,295,2025-06-06 08:00:36
1560,124,2025-06-06 08:00:36
1561,230,2025-06-06 08:00:36
1561,295,2025-06-06 08:00:36
1562,487,2025-06-06 08:00:36
1562,230,2025-06-06 08:00:36
1562,240,2025-06-06 08:00:36
1562,295,2025-06-06 08:00:36
1563,230,2025-06-06 08:00:36
1563,295,2025-06-06 08:00:36
1564,487,2025-06-06 08:00:37
1564,230,2025-06-06 08:00:37
1564,240,2025-06-06 08:00:37
1564,295,2025-06-06 08:00:37
1564,124,2025-06-06 08:00:37
1564,457,2025-06-06 08:00:37
1565,487,2025-06-06 08:00:37
1565,230,2025-06-06 08:00:37
1565,240,2025-06-06 08:00:37
1565,295,2025-06-06 08:00:37
1566,487,2025-06-06 08:00:37
1566,230,2025-06-06 08:00:37
1566,240,2025-06-06 08:00:37
1566,295,2025-06-06 08:00:37
1567,487,2025-06-06 08:00:37
1567,230,2025-06-06 08:00:37
1567,240,2025-06-06 08:00:37
1567,295,2025-06-06 08:00:37
1568,252,2025-06-06 08:00:37
1568,385,2025-06-06 08:00:37
1569,487,2025-06-06 08:00:37
1569,230,2025-06-06 08:00:37
1569,240,2025-06-06 08:00:37
1569,295,2025-06-06 08:00:37
1570,295,2025-06-06 08:00:38
1571,429,2025-06-06 08:00:38
1571,230,2025-06-06 08:00:38
1571,240,2025-06-06 08:00:38
1571,295,2025-06-06 08:00:38
1571,124,2025-06-06 08:00:38
1572,487,2025-06-06 08:00:38
1572,230,2025-06-06 08:00:38
1572,240,2025-06-06 08:00:38
1572,295,2025-06-06 08:00:38
1572,466,2025-06-06 08:00:38
1573,487,2025-06-06 08:00:38
1573,230,2025-06-06 08:00:38
1573,240,2025-06-06 08:00:38
1573,295,2025-06-06 08:00:38
1573,520,2025-06-06 08:00:38
1574,487,2025-06-06 08:00:38
1574,230,2025-06-06 08:00:38
1574,240,2025-06-06 08:00:38
1574,295,2025-06-06 08:00:38
1575,487,2025-06-06 08:00:39
1575,230,2025-06-06 08:00:39
1575,240,2025-06-06 08:00:39
1575,295,2025-06-06 08:00:39
1576,487,2025-06-06 08:00:39
1576,230,2025-06-06 08:00:39
1576,240,2025-06-06 08:00:39
1576,295,2025-06-06 08:00:39
1577,124,2025-06-06 08:00:39
1577,443,2025-06-06 08:00:39
1578,429,2025-06-06 08:00:39
1578,230,2025-06-06 08:00:39
1578,240,2025-06-06 08:00:39
1578,295,2025-06-06 08:00:39
1578,124,2025-06-06 08:00:39
1579,429,2025-06-06 08:00:39
1579,230,2025-06-06 08:00:39
1579,240,2025-06-06 08:00:39
1579,295,2025-06-06 08:00:39
1579,124,2025-06-06 08:00:39
1580,487,2025-06-06 08:00:39
1580,230,2025-06-06 08:00:39
1580,240,2025-06-06 08:00:39
1580,295,2025-06-06 08:00:39
1581,204,2025-06-06 08:00:40
1582,487,2025-06-06 08:00:40
1582,230,2025-06-06 08:00:40
1582,240,2025-06-06 08:00:40
1582,295,2025-06-06 08:00:40
1582,136,2025-06-06 08:00:40
1583,429,2025-06-06 08:00:40
1583,122,2025-06-06 08:00:40
1583,240,2025-06-06 08:00:40
1583,252,2025-06-06 08:00:40
1584,230,2025-06-06 08:00:40
1584,295,2025-06-06 08:00:40
1585,230,2025-06-06 08:00:40
1585,295,2025-06-06 08:00:40
1586,487,2025-06-06 08:00:41
1586,230,2025-06-06 08:00:41
1586,240,2025-06-06 08:00:41
1586,295,2025-06-06 08:00:41
1586,136,2025-06-06 08:00:41
1587,487,2025-06-06 08:00:41
1587,230,2025-06-06 08:00:41
1587,240,2025-06-06 08:00:41
1587,295,2025-06-06 08:00:41
1588,487,2025-06-06 08:00:41
1588,230,2025-06-06 08:00:41
1588,240,2025-06-06 08:00:41
1588,295,2025-06-06 08:00:41
1589,487,2025-06-06 08:00:41
1589,230,2025-06-06 08:00:41
1589,240,2025-06-06 08:00:41
1589,295,2025-06-06 08:00:41
1590,429,2025-06-06 08:00:41
1590,240,2025-06-06 08:00:41
1590,295,2025-06-06 08:00:41
1591,295,2025-06-06 08:00:42
1592,487,2025-06-06 08:00:42
1592,230,2025-06-06 08:00:42
1592,240,2025-06-06 08:00:42
1592,295,2025-06-06 08:00:42
1593,487,2025-06-06 08:00:42
1593,230,2025-06-06 08:00:42
1593,240,2025-06-06 08:00:42
1593,295,2025-06-06 08:00:42
1594,487,2025-06-06 08:00:42
1594,230,2025-06-06 08:00:42
1594,240,2025-06-06 08:00:42
1594,295,2025-06-06 08:00:42
1594,136,2025-06-06 08:00:42
1595,541,2025-06-06 08:00:42
1595,452,2025-06-06 08:00:42
1596,460,2025-06-06 08:00:43
1597,429,2025-06-06 08:00:43
1597,230,2025-06-06 08:00:43
1598,487,2025-06-06 08:00:43
1598,230,2025-06-06 08:00:43
1598,240,2025-06-06 08:00:43
1598,295,2025-06-06 08:00:43
1599,487,2025-06-06 08:00:43
1599,230,2025-06-06 08:00:43
1599,240,2025-06-06 08:00:43
1599,295,2025-06-06 08:00:43
1600,524,2025-06-06 08:00:43
1601,230,2025-06-06 08:00:43
1601,295,2025-06-06 08:00:43
1601,452,2025-06-06 08:00:43
1601,136,2025-06-06 08:00:43
1603,487,2025-06-06 08:00:44
1603,230,2025-06-06 08:00:44
1603,240,2025-06-06 08:00:44
1603,295,2025-06-06 08:00:44
1605,524,2025-06-06 08:05:59
1606,240,2025-06-07 08:00:37
1607,429,2025-06-07 08:00:37
1607,122,2025-06-07 08:00:37
1607,540,2025-06-07 08:00:37
1608,252,2025-06-07 08:00:38
1609,252,2025-06-07 08:00:38
1609,491,2025-06-07 08:00:38
1610,252,2025-06-07 08:00:38
1611,240,2025-06-07 08:00:38
1612,429,2025-06-07 08:00:38
1612,240,2025-06-07 08:00:38
1612,252,2025-06-07 08:00:38
1612,193,2025-06-07 08:00:38
1613,25,2025-06-07 08:00:38
1614,252,2025-06-07 08:00:39
1614,11,2025-06-07 08:00:39
1614,124,2025-06-07 08:00:39
1615,240,2025-06-07 08:00:39
1616,545,2025-06-07 08:00:39
1616,25,2025-06-07 08:00:39
1617,240,2025-06-07 08:00:39
1618,429,2025-06-07 08:00:39
1618,252,2025-06-07 08:00:39
1618,491,2025-06-07 08:00:39
1619,429,2025-06-07 08:00:40
1620,429,2025-06-07 08:00:40
1620,230,2025-06-07 08:00:40
1620,252,2025-06-07 08:00:40
1621,429,2025-06-07 08:00:40
1621,252,2025-06-07 08:00:40
1621,204,2025-06-07 08:00:40
1622,133,2025-06-07 08:00:40
1623,240,2025-06-07 08:00:40
1624,429,2025-06-07 08:00:40
1624,230,2025-06-07 08:00:40
1624,252,2025-06-07 08:00:40
1624,204,2025-06-07 08:00:40
1625,230,2025-06-07 08:00:41
1626,155,2025-06-07 08:00:41
1626,20,2025-06-07 08:00:41
1626,240,2025-06-07 08:00:41
1626,252,2025-06-07 08:00:41
1626,34,2025-06-07 08:00:41
1627,429,2025-06-07 08:00:41
1627,240,2025-06-07 08:00:41
1627,252,2025-06-07 08:00:41
1628,240,2025-06-07 08:00:41
1629,252,2025-06-07 08:00:41
1629,491,2025-06-07 08:00:41
1630,240,2025-06-07 08:00:42
1631,240,2025-06-07 08:00:42
1632,240,2025-06-07 08:00:42
1633,240,2025-06-07 08:00:42
1634,429,2025-06-07 08:00:42
1634,25,2025-06-07 08:00:42
1634,524,2025-06-07 08:00:42
1635,460,2025-06-07 08:00:43
1636,240,2025-06-07 08:00:43
1637,240,2025-06-07 08:00:43
1638,542,2025-06-07 08:00:43
1638,252,2025-06-07 08:00:43
1638,193,2025-06-07 08:00:43
1638,491,2025-06-07 08:00:43
1639,240,2025-06-07 08:00:43
1640,252,2025-06-07 08:00:43
1640,491,2025-06-07 08:00:43
1640,385,2025-06-07 08:00:43
1641,166,2025-06-07 08:00:44
1641,252,2025-06-07 08:00:44
1641,385,2025-06-07 08:00:44
1642,240,2025-06-07 08:00:44
1643,394,2025-06-07 08:00:44
1643,124,2025-06-07 08:00:44
1644,124,2025-06-07 08:00:44
1644,289,2025-06-07 08:00:44
1644,399,2025-06-07 08:00:44
1644,457,2025-06-07 08:00:44
1645,25,2025-06-07 08:00:44
1646,429,2025-06-07 08:00:44
1646,240,2025-06-07 08:00:44
1646,25,2025-06-07 08:00:44
